tls_version,run_index,host,port,ciphers_requested,cert_file,key_file,use_hybrid,client_hello_time_ms,server_hello_time_ms,ecdh_time_ms,mlkem_decapsulation_time_ms,signature_generation_time_ms,key_derivation_time_ms,total_handshake_time_ms,handshake_time_ms,bytes_received,per_recv_call_time_ms,decrypt_time_ms,bytes_sent,encrypt_time_ms,transfer_duration_ms,throughput_bytes_per_sec,success
1.3,1,127.0.0.1,44330,AESGCM:CHACHA20:AES256:AES128,server_cert.pem,server_key.pem,True,0.192599996807985,0.20750000840052962,0.5593999958364293,0.7830999966245145,1.5174000000115484,0.5824999971082434,215.9893999923952,215.9893999923952,1048576,"[0.9183999936794862, 0.034900003811344504, 0.03239999932702631, 0.0312999909510836, 0.027300004148855805, 0.034899989259429276, 0.032199997804127634, 0.15020000864751637, 0.05049999163020402, 0.06459999713115394, 0.02680000034160912, 0.03160000778734684, 0.18540000019129366, 0.0315000070258975, 0.02989999484270811, 0.04230000195093453, 0.028399997972883284, 0.02849999873433262, 0.033200005418621004, 0.025300003471784294, 0.016699996194802225, 0.02750000567175448, 0.042100000428035855, 0.029799994081258774, 0.02540000423323363, 0.02239999594166875, 0.029799994081258774, 0.042100000428035855, 0.02609999501146376, 0.028399997972883284, 0.02059999678749591, 0.0295999925583601, 0.024299995857290924, 0.023500004317611456, 0.03750000905711204, 0.01920000067912042, 0.027999994927085936, 0.023300002794712782, 0.025500004994682968, 0.03499999002087861, 0.02200000744778663, 0.024900000425986946, 0.027900008717551827, 0.026900001103058457, 0.02710000262595713, 0.01410000550094992, 0.025000001187436283, 0.022499996703118086, 0.023600005079060793, 0.022100008209235966, 0.01930000144056976, 0.026000008801929653, 0.022799998987466097, 0.11629999789875001, 0.04400000034365803, 0.07429999823216349, 0.0433000095654279, 0.07690000347793102, 0.029300004825927317, 0.11069999891333282, 0.026599998818710446, 0.0281000102404505, 0.02370000584051013, 0.03060000017285347]",8.236399997258559,1048576,8.301199995912611,16.55410000239499,63342374.38751099,True
1.3,2,127.0.0.1,44330,AESGCM:CHACHA20:AES256:AES128,server_cert.pem,server_key.pem,True,0.18319999799132347,0.178700007381849,0.41540000529494137,0.8798000053502619,1.5115999995032325,0.41540000529494137,210.0219999992987,210.0219999992987,1048576,"[0.7444999937433749, 0.023500004317611456, 0.021199986804276705, 0.019000013708136976, 0.013999990187585354, 0.020100007532164454, 0.0168999977177009, 0.035200006095692515, 0.05269999383017421, 0.014399993233382702, 0.03480000304989517, 0.03090000245720148, 0.03169999399688095, 0.04710000939667225, 0.013700002455152571, 0.062099992646835744, 0.018000006093643606, 0.05980000423733145, 0.01750000228639692, 0.007199996616691351, 0.06050000956747681, 0.01829999382607639, 0.028399997972883284, 0.032500000088475645, 0.041399995097890496, 0.02510000194888562, 0.031100003980100155, 0.04709999484475702, 0.017999991541728377, 0.007299997378140688, 0.06639999628532678, 0.016999998479150236, 0.031100003980100155, 0.031200004741549492, 0.007800001185387373, 0.06089999806135893, 0.018999999156221747, 0.018999999156221747, 0.021599989850074053, 0.07220001134555787, 0.015099998563528061, 0.08539999544154853, 0.02540000423323363, 0.06009999196976423, 0.017600003047846258, 0.05429999146144837, 0.020099992980249226, 0.03409999771974981, 0.03359999391250312, 0.04549999721348286, 0.013800003216601908, 0.045199994929134846, 0.059600002714432776, 0.054799995268695056, 0.02540000423323363, 0.07760000880807638, 0.02920000406447798, 0.029100003303028643, 0.028299997211433947, 0.029000002541579306, 0.024499997380189598, 0.03229999856557697, 0.03130000550299883, 0.026299996534362435]",6.230800005141646,1048576,5.300000004353933,11.550399998668581,90782656.88814844,True
1.3,3,127.0.0.1,44330,AESGCM:CHACHA20:AES256:AES128,server_cert.pem,server_key.pem,True,0.22229999012779444,0.21100000594742596,0.5763999943155795,0.4948999994667247,1.06380000943318,0.5604000034509227,214.55540000170004,214.55540000170004,1048576,"[0.6550999969476834, 0.023900007363408804, 0.021200001356191933, 0.018300008377991617, 0.02710000262595713, 0.0168999977177009, 0.02239999594166875, 0.01720000000204891, 0.020899999071843922, 0.007799986633472145, 0.08900000830180943, 0.035200006095692515, 0.03850000211969018, 0.03160000778734684, 0.08169999637175351, 0.031799994758330286, 0.01920000067912042, 0.021400002879090607, 0.018799997633323073, 0.017400001524947584, 0.05329999839887023, 0.020500010577961802, 0.030099996365606785, 0.0323000131174922, 0.05560000136028975, 0.018099992303177714, 0.02469999890308827, 0.0312999909510836, 0.04700000863522291, 0.01790000533219427, 0.026599998818710446, 0.061400001868605614, 0.018799997633323073, 0.016999998479150236, 0.05950000195298344, 0.014399993233382702, 0.03189999551977962, 0.04810000245925039, 0.017499987734481692, 0.05840000812895596, 0.01340000017080456, 0.02340000355616212, 0.04539999645203352, 0.01820000761654228, 0.058900011936202645, 0.014200006262399256, 0.06410000787582248, 0.01829999382607639, 0.029799994081258774, 0.04460000491235405, 0.013600001693703234, 0.05980000423733145, 0.01750000228639692, 0.03060000017285347, 0.05729999975301325, 0.008899995009414852, 0.03200001083314419, 0.047599998652003706, 0.017700003809295595, 0.03170000854879618, 0.04269999044481665, 0.019500002963468432, 0.058999998145736754, 0.0185999961104244]",5.565300001762807,1048576,4.370300011942163,9.94969999010209,105387700.2365014,True
1.3,4,127.0.0.1,44330,AESGCM:CHACHA20:AES256:AES128,server_cert.pem,server_key.pem,True,0.1782000035746023,0.1765000051818788,0.4030999989481643,0.9098000009544194,1.8352999904891476,0.39280000783037394,213.1907000002684,213.1907000002684,1048576,"[0.6558000022778288, 0.024499997380189598, 0.020199993741698563, 0.017999991541728377, 0.01829999382607639, 0.013800003216601908, 0.01829999382607639, 0.05200000305194408, 0.018799997633323073, 0.032500000088475645, 0.054199990699999034, 0.020899999071843922, 0.02990000939462334, 0.03399999695830047, 0.03260000084992498, 0.040099999750964344, 0.03099998866673559, 0.062399994931183755, 0.01780000457074493, 0.055500000598840415, 0.008199989679269493, 0.03510000533424318, 0.04780000017490238, 0.018099992303177714, 0.0560000044060871, 0.014000004739500582, 0.05780000356025994, 0.01759998849593103, 0.021700005163438618, 0.06370000483002514, 0.02339998900424689, 0.013199998647905886, 0.05729999975301325, 0.01780000457074493, 0.03200001083314419, 0.05469999450724572, 0.013699987903237343, 0.030499999411404133, 0.05420000525191426, 0.01850000990089029, 0.03340000694151968, 0.040700004319660366, 0.01990000600926578, 0.0560000044060871, 0.017399986973032355, 0.03160000778734684, 0.05570000212173909, 0.020699997548945248, 0.05489999603014439, 0.01780000457074493, 0.05469999450724572, 0.013600001693703234, 0.05570000212173909, 0.017600003047846258, 0.04859999171458185, 0.15730000450275838, 0.04640000406652689, 0.09370000043418258, 0.039099992136470973, 0.08519999391864985, 0.0737000082153827, 0.0703999976394698, 0.025000001187436283, 0.018600010662339628]",6.012100013322197,1048576,4.676500000641681,10.702100000344217,97978527.57554817,True
1.3,5,127.0.0.1,44330,AESGCM:CHACHA20:AES256:AES128,server_cert.pem,server_key.pem,True,0.16290000348817557,0.15369999164249748,0.3763000131584704,0.7396000000881031,1.575100002810359,0.35850000858772546,205.5679000040982,205.5679000040982,1048576,"[0.6614000012632459, 0.02820001100189984, 0.020099992980249226, 0.01819999306462705, 0.019700004486367106, 0.016000005416572094, 0.019499988411553204, 0.015600002370774746, 0.019499988411553204, 0.025200002710334957, 0.027400004910305142, 0.07150000601541251, 0.02099999983329326, 0.021400002879090607, 0.026299996534362435, 0.028800001018680632, 0.044500004150904715, 0.01920000067912042, 0.07169999298639596, 0.02160000440198928, 0.01200000406242907, 0.06210000719875097, 0.01720000000204891, 0.02099999983329326, 0.05539999983739108, 0.01649999467190355, 0.03460000152699649, 0.020699997548945248, 0.05869999586138874, 0.017400001524947584, 0.011500000255182385, 0.05640000745188445, 0.023200002033263445, 0.025000001187436283, 0.056500008213333786, 0.008699993486516178, 0.029099988751113415, 0.04609998723026365, 0.016700010746717453, 0.05789998976979405, 0.012600008631125093, 0.02269999822601676, 0.03599999763537198, 0.04880000778939575, 0.021400002879090607, 0.018499995348975062, 0.056500008213333786, 0.022099993657320738, 0.09290000889450312, 0.023600005079060793, 0.011800002539530396, 0.057999990531243384, 0.02239999594166875, 0.0219999928958714, 0.029399991035461426, 0.044800006435252726, 0.02609999501146376, 0.023300002794712782, 0.03359999391250312, 0.05780000356025994, 0.015300000086426735, 0.019500002963468432, 0.05780000356025994, 0.019099999917671084]",5.275100003927946,1048576,4.905000008875504,10.192300003836863,102879232.3229562,True
1.3,6,127.0.0.1,44330,AESGCM:CHACHA20:AES256:AES128,server_cert.pem,server_key.pem,True,0.16060000052675605,0.15209999401122332,0.34729999606497586,0.705700003891252,1.1177999986102805,0.3668999997898936,196.63350000337232,196.63350000337232,1048576,"[0.574999998207204, 0.022299995180219412, 0.01920000067912042, 0.01780000457074493, 0.013500000932253897, 0.03290000313427299, 0.04909999552182853, 0.01790000533219427, 0.03399999695830047, 0.03890000516548753, 0.02510000194888562, 0.03369999467395246, 0.045599997974932194, 0.01790000533219427, 0.0391000066883862, 0.03090000245720148, 0.043100008042529225, 0.017699989257380366, 0.06459999713115394, 0.02139998832717538, 0.02920000406447798, 0.02720000338740647, 0.05869999586138874, 0.017999991541728377, 0.04630000330507755, 0.04529999569058418, 0.01750000228639692, 0.02890000178012997, 0.04749999789055437, 0.009100011084228754, 0.03269998705945909, 0.04910001007374376, 0.017600003047846258, 0.031499992473982275, 0.04359999729786068, 0.018799997633323073, 0.04539999645203352, 0.01780000457074493, 0.043799998820759356, 0.013200013199821115, 0.052700008382089436, 0.018100006855092943, 0.03099998866673559, 0.04470000567380339, 0.008799994247965515, 0.05989999044686556, 0.017399986973032355, 0.04889999399892986, 0.017300000763498247, 0.02059999678749591, 0.052799994591623545, 0.017099999240599573, 0.03470000228844583, 0.04610000178217888, 0.017300000763498247, 0.027799993404187262, 0.04890000855084509, 0.018399994587525725, 0.030199997127056122, 0.04769999941345304, 0.013500000932253897, 0.03290000313427299, 0.029000002541579306, 0.031000003218650818]",5.409799996414222,1048576,4.612000004271977,10.034400009317324,104498126.3479986,True
1.3,7,127.0.0.1,44330,AESGCM:CHACHA20:AES256:AES128,server_cert.pem,server_key.pem,True,0.24470000062137842,0.3279999946244061,0.5362999945646152,0.6576000014320016,1.3979999930597842,0.4031999997096136,201.3126999954693,201.3126999954693,1048576,"[0.5703000060748309, 0.023300002794712782, 0.020500010577961802, 0.01820000761654228, 0.01750000228639692, 0.012999997125007212, 0.019800005247816443, 0.053099996875971556, 0.01679999695625156, 0.03300000389572233, 0.028399997972883284, 0.0610999995842576, 0.017099999240599573, 0.016300007700920105, 0.05879999662283808, 0.013700002455152571, 0.012199991033412516, 0.05919999966863543, 0.017099999240599573, 0.0577000027988106, 0.0168999977177009, 0.05160000000614673, 0.018700011423788965, 0.05610000516753644, 0.017300000763498247, 0.031799994758330286, 0.044899992644786835, 0.01960000372491777, 0.045199994929134846, 0.01650000922381878, 0.05570000212173909, 0.012500007869675756, 0.04509999416768551, 0.0168999977177009, 0.055500000598840415, 0.01680001150816679, 0.04700000863522291, 0.026599998818710446, 0.029799994081258774, 0.04369999805931002, 0.01649999467190355, 0.03999999898951501, 0.029000002541579306, 0.027600006433203816, 0.04430000262800604, 0.01720000000204891, 0.039300008211284876, 0.030199997127056122, 0.05570000212173909, 0.01650000922381878, 0.05370000144466758, 0.008000002708286047, 0.051399998483248055, 0.016399993910454214, 0.02849999873433262, 0.03170000854879618, 0.039699996705166996, 0.029700007871724665, 0.02989999484270811, 0.044199987314641476, 0.016299993149004877, 0.0467000063508749, 0.02300000051036477, 0.050699993153102696]",5.275099989376031,1048576,4.467599996132776,9.754799990332685,107493336.72029892,True
1.3,8,127.0.0.1,44330,AESGCM:CHACHA20:AES256:AES128,server_cert.pem,server_key.pem,True,0.16540000797249377,0.15639999764971435,0.3711000026669353,0.7313999958569184,1.8323999975109473,0.367600005120039,201.36350000393577,201.36350000393577,1048576,"[0.6568999961018562, 0.03989999822806567, 0.04360001184977591, 0.06019999273121357, 0.027000001864507794, 0.03840000135824084, 0.03130000550299883, 0.02920000406447798, 0.1531000016257167, 0.015099998563528061, 0.019499988411553204, 0.020699997548945248, 0.029399991035461426, 0.018000006093643606, 0.008100003469735384, 0.018300008377991617, 0.018100006855092943, 0.015999990864656866, 0.02680000034160912, 0.03700000524986535, 0.020400009816512465, 0.015600002370774746, 0.015699988580308855, 0.01679999695625156, 0.017600003047846258, 0.0236999912885949, 0.01960000372491777, 0.01679999695625156, 0.01619999238755554, 0.01610000617802143, 0.032800002372823656, 0.020499996026046574, 0.01610000617802143, 0.017000013031065464, 0.019000013708136976, 0.013199998647905886, 0.018000006093643606, 0.025000001187436283, 0.0168999977177009, 0.0185999961104244, 0.012599994079209864, 0.01889999839477241, 0.02469999890308827, 0.018699996871873736, 0.01780000457074493, 0.01239999255631119, 0.01720000000204891, 0.016099991626106203, 0.01580000389367342, 0.015700003132224083, 0.011800002539530396, 0.016600009985268116, 0.01579998934175819, 0.015300000086426735, 0.01579998934175819, 0.012299991794861853, 0.017300000763498247, 0.023200002033263445, 0.0509000092279166, 0.0171000137925148, 0.011900003300979733, 0.060999998822808266, 0.016999998479150236, 0.02710000262595713]",4.9122000054921955,1048576,4.425299994181842,9.350199994514696,112144767.02264637,True
1.3,9,127.0.0.1,44330,AESGCM:CHACHA20:AES256:AES128,server_cert.pem,server_key.pem,True,0.1581999968038872,0.1497999910498038,0.36979999276809394,0.698099989676848,0.9252000018022954,0.3612000000430271,211.04129999002907,211.04129999002907,1048576,"[0.5773000011686236, 0.018300008377991617, 0.03090000245720148, 0.022799998987466097, 0.018999999156221747, 0.01679999695625156, 0.012599994079209864, 0.05989999044686556, 0.018399994587525725, 0.02819999644998461, 0.01829999382607639, 0.04710000939667225, 0.02510000194888562, 0.020899999071843922, 0.048600006266497076, 0.016699996194802225, 0.016599995433352888, 0.06570000550709665, 0.030399998649954796, 0.04849999095313251, 0.017300000763498247, 0.08400001388508826, 0.02680000034160912, 0.023500004317611456, 0.022599997464567423, 0.021400002879090607, 0.019500002963468432, 0.016000005416572094, 0.02300000051036477, 0.018699996871873736, 0.01889999839477241, 0.030499999411404133, 0.05729999975301325, 0.02239999594166875, 0.021400002879090607, 0.048000001697801054, 0.019800005247816443, 0.02340000355616212, 0.055199998314492404, 0.020399995264597237, 0.01920000067912042, 0.0312999909510836, 0.04060000355821103, 0.02239999594166875, 0.04820000322069973, 0.017699989257380366, 0.029499991796910763, 0.03959999594371766, 0.025599991204217076, 0.05570000212173909, 0.02300000051036477, 0.023899992811493576, 0.044800006435252726, 0.02849999873433262, 0.02720000338740647, 0.05040000542066991, 0.017300000763498247, 0.029699993319809437, 0.05529999907594174, 0.019800005247816443, 0.01580000389367342, 0.055199998314492404, 0.00859999272506684, 0.035299992305226624]",5.163699999684468,1048576,4.429900000104681,9.605599989299662,109162988.37845433,True
1.3,10,127.0.0.1,44330,AESGCM:CHACHA20:AES256:AES128,server_cert.pem,server_key.pem,True,0.17329999536741525,0.18119999731425196,0.34860000596381724,1.1079000105382875,1.0534000030020252,0.5505000008270144,217.63579999969807,217.63579999969807,1048576,"[0.5640000017592683, 0.03369999467395246, 0.03270000161137432, 0.03160000778734684, 0.03139999171253294, 0.09560000034980476, 0.03880000440403819, 0.08690000686328858, 0.037299992982298136, 0.07049999840091914, 0.049300011596642435, 0.09169999975711107, 0.047599998652003706, 0.08709999383427203, 0.03060000017285347, 0.07970001024659723, 0.08779999916441739, 0.031200004741549492, 0.08519999391864985, 0.050000002374872565, 0.07850000110920519, 0.056199991377070546, 0.08420000085607171, 0.05299999611452222, 0.07239999831654131, 0.045199994929134846, 0.08759999764151871, 0.086499989265576, 0.031100003980100155, 0.0864000030560419, 0.04539999645203352, 0.08919999527279288, 0.05089999467600137, 0.08620000153314322, 0.03060000017285347, 0.07930000720079988, 0.08769999840296805, 0.030800001695752144, 0.08589999924879521, 0.05230000533629209, 0.0771000050008297, 0.04959999932907522, 0.08549999620299786, 0.08569999772589654, 0.030700000934302807, 0.0709999876562506, 0.05289999535307288, 0.08660000457894057, 0.04839999019168317, 0.0855999969644472, 0.02929999027401209, 0.08870000601746142, 0.04870000702794641, 0.08670000534038991, 0.03650000144261867, 0.07670000195503235, 0.0754000066081062, 0.05329999839887023, 0.08670000534038991, 0.05870001041330397, 0.06540000322274864, 0.08749999688006938, 0.030000010156072676, 0.0872999953571707]",8.81860000663437,1048576,7.290800000191666,16.122400003951043,65038455.79709164,True
1.3,11,127.0.0.1,44330,AESGCM:CHACHA20:AES256:AES128,server_cert.pem,server_key.pem,True,0.1765000051818788,0.15690000145696104,0.370699999621138,0.7037999894237146,1.2300999951548874,0.38380001205950975,194.49940000777133,194.49940000777133,1048576,"[0.5530000053113326, 0.022500011255033314, 0.019400002202019095, 0.017600003047846258, 0.02649999805726111, 0.022299995180219412, 0.03409999771974981, 0.049300011596642435, 0.07189999450929463, 0.027900008717551827, 0.050699993153102696, 0.014299992471933365, 0.034599986975081265, 0.048300003982149065, 0.017799990018829703, 0.0278999941656366, 0.04769999941345304, 0.050099988584406674, 0.01750000228639692, 0.04739999712910503, 0.01750000228639692, 0.04099999205209315, 0.024300010409206152, 0.046200002543628216, 0.017999991541728377, 0.047299996367655694, 0.014299992471933365, 0.05060000694356859, 0.018099992303177714, 0.02990000939462334, 0.05190000229049474, 0.013600001693703234, 0.04870000702794641, 0.01720000000204891, 0.044899992644786835, 0.018000006093643606, 0.04299999272916466, 0.028700000257231295, 0.030099996365606785, 0.045900000259280205, 0.01720000000204891, 0.02849999873433262, 0.04980000085197389, 0.017400001524947584, 0.04460000491235405, 0.017099999240599573, 0.016699996194802225, 0.07300000288523734, 0.017400001524947584, 0.04739999712910503, 0.01819999306462705, 0.0399000127799809, 0.024500011932104826, 0.0320999970426783, 0.04919999628327787, 0.01750000228639692, 0.021700005163438618, 0.055500000598840415, 0.017700003809295595, 0.031800009310245514, 0.031800009310245514, 0.02749999111983925, 0.051099996198900044, 0.017600003047846258]",5.373300009523518,1048576,4.599799998686649,9.98540000000503,105010915.93721552,True
1.3,12,127.0.0.1,44330,AESGCM:CHACHA20:AES256:AES128,server_cert.pem,server_key.pem,True,0.15669999993406236,0.1453000004403293,0.3434999962337315,0.7475000020349398,1.269000000320375,0.38309999217744917,199.18979999783915,199.18979999783915,1048576,"[0.7345000049099326, 0.050000002374872565, 0.09950000094249845, 0.04409998655319214, 0.07840000034775585, 0.08179999713320285, 0.13449999096337706, 0.037999998312443495, 0.062400009483098984, 0.06639999628532678, 0.01920000067912042, 0.051700000767596066, 0.019899991457350552, 0.03020001167897135, 0.06059999577701092, 0.01720000000204891, 0.04949999856762588, 0.019399987650103867, 0.05389998841565102, 0.017099999240599573, 0.030800001695752144, 0.04810000245925039, 0.01920000067912042, 0.03060000017285347, 0.05330001295078546, 0.017700003809295595, 0.02300000051036477, 0.054100004490464926, 0.01679999695625156, 0.031199990189634264, 0.053099996875971556, 0.012699994840659201, 0.054100004490464926, 0.01679999695625156, 0.02649999805726111, 0.05319999763742089, 0.012499993317760527, 0.05440000677481294, 0.016400008462369442, 0.027000001864507794, 0.05360000068321824, 0.01340000017080456, 0.02849999873433262, 0.03159999323543161, 0.057900004321709275, 0.0168999977177009, 0.022299995180219412, 0.05539999983739108, 0.016900012269616127, 0.05370000144466758, 0.01720000000204891, 0.02720000338740647, 0.054500007536262274, 0.01679999695625156, 0.029600007110275328, 0.05370000144466758, 0.013299999409355223, 0.03409999771974981, 0.045500011765398085, 0.017400001524947584, 0.054100004490464926, 0.01309999788645655, 0.03060000017285347, 0.053099996875971556]",6.2092999869491905,1048576,4.703099999460392,10.925099995802157,95978618.08156477,True
1.3,13,127.0.0.1,44330,AESGCM:CHACHA20:AES256:AES128,server_cert.pem,server_key.pem,True,0.16910000704228878,0.15239999629557133,0.36419999378267676,0.6930999952601269,1.3157000066712499,0.382099999114871,200.91439998941496,200.91439998941496,1048576,"[0.5858999938936904, 0.022899999748915434, 0.019700004486367106, 0.01789999078027904, 0.017700003809295595, 0.013500000932253897, 0.05769998824689537, 0.017700003809295595, 0.017400001524947584, 0.06159998883958906, 0.013600001693703234, 0.023800006601959467, 0.031100003980100155, 0.059300000430084765, 0.016900012269616127, 0.021400002879090607, 0.0594000011915341, 0.0168999977177009, 0.05909999890718609, 0.016700010746717453, 0.019099999917671084, 0.06459999713115394, 0.017300000763498247, 0.026300011086277664, 0.057199998991563916, 0.014200006262399256, 0.031799994758330286, 0.056900011259131134, 0.016999998479150236, 0.02540000423323363, 0.03519999154377729, 0.03090000245720148, 0.05610000516753644, 0.017300000763498247, 0.01999999221879989, 0.01610000617802143, 0.060399994254112244, 0.017099999240599573, 0.03060000017285347, 0.05609999061562121, 0.01750000228639692, 0.012299991794861853, 0.055800002883188426, 0.01679999695625156, 0.05169998621568084, 0.016999998479150236, 0.022799998987466097, 0.05319999763742089, 0.031800009310245514, 0.050399990868754685, 0.017300000763498247, 0.023899992811493576, 0.054100004490464926, 0.016699996194802225, 0.05049999163020402, 0.01649999467190355, 0.023200002033263445, 0.053800002206116915, 0.016999998479150236, 0.052499992307275534, 0.0168999977177009, 0.019899991457350552, 0.05280000914353877, 0.017799990018829703]",5.246700005955063,1048576,4.745400001411326,10.005000003729947,104805197.3622271,True
1.3,14,127.0.0.1,44330,AESGCM:CHACHA20:AES256:AES128,server_cert.pem,server_key.pem,True,0.1627000019652769,0.14609999198000878,0.39400000241585076,0.7621999975526705,2.26979999570176,0.36099999852012843,200.83689999592025,200.83689999592025,1048576,"[0.5965999880572781, 0.01789999078027904, 0.021500003640539944, 0.01829999382607639, 0.01780000457074493, 0.016900012269616127, 0.012600008631125093, 0.02510000194888562, 0.030300012440420687, 0.0577000027988106, 0.017400001524947584, 0.02370000584051013, 0.05299999611452222, 0.017700003809295595, 0.02920000406447798, 0.05079999391455203, 0.008500006515532732, 0.033899996196851134, 0.0518000015290454, 0.016699996194802225, 0.05970000347588211, 0.022799998987466097, 0.019099999917671084, 0.051000009989365935, 0.01780000457074493, 0.02989999484270811, 0.05099999543745071, 0.01309999788645655, 0.030800001695752144, 0.10039999324362725, 0.02929999027401209, 0.027600006433203816, 0.049700000090524554, 0.060399994254112244, 0.01750000228639692, 0.027900008717551827, 0.0315000070258975, 0.04220000118948519, 0.02300000051036477, 0.031000003218650818, 0.048000001697801054, 0.01750000228639692, 0.016399993910454214, 0.05909999890718609, 0.01720000000204891, 0.020500010577961802, 0.05810000584460795, 0.013199998647905886, 0.05819999205414206, 0.01720000000204891, 0.01580000389367342, 0.05750000127591193, 0.012999997125007212, 0.033899996196851134, 0.04889999399892986, 0.016999998479150236, 0.028299997211433947, 0.05339999916031957, 0.019800005247816443, 0.01720000000204891, 0.05709999823011458, 0.01720000000204891, 0.007700000423938036, 0.05889999738428742]",5.383199997595511,1048576,4.48550000146497,9.881200006930158,106118285.15408893,True
1.3,15,127.0.0.1,44330,AESGCM:CHACHA20:AES256:AES128,server_cert.pem,server_key.pem,True,0.1593000051798299,0.146100006531924,0.3640000068116933,0.6794000073568895,1.2377000093692914,0.3693000035127625,202.0180999970762,202.0180999970762,1048576,"[0.5699000030290335, 0.022299995180219412, 0.018999999156221747, 0.018099992303177714, 0.0168999977177009, 0.03139999171253294, 0.050699993153102696, 0.01789999078027904, 0.022199994418770075, 0.03060000017285347, 0.0422999873990193, 0.02540000423323363, 0.0315000070258975, 0.049700000090524554, 0.01720000000204891, 0.0320999970426783, 0.05029999010730535, 0.017400001524947584, 0.05709999823011458, 0.017999991541728377, 0.019099999917671084, 0.05669999518431723, 0.017700003809295595, 0.04719999560620636, 0.016999998479150236, 0.04369999805931002, 0.02370000584051013, 0.044599990360438824, 0.017600003047846258, 0.049299997044727206, 0.01720000000204891, 0.04300000728107989, 0.02649999805726111, 0.046200002543628216, 0.01750000228639692, 0.04630000330507755, 0.012899996363557875, 0.054800009820610285, 0.016699996194802225, 0.046899993321858346, 0.01720000000204891, 0.028299997211433947, 0.04880000778939575, 0.0168999977177009, 0.04440000338945538, 0.017600003047846258, 0.042400002712383866, 0.028700000257231295, 0.05370000144466758, 0.017400001524947584, 0.04679999256040901, 0.012899996363557875, 0.052499992307275534, 0.017400001524947584, 0.04510000871960074, 0.01759998849593103, 0.04270000499673188, 0.04230000195093453, 0.01649999467190355, 0.024499997380189598, 0.03789999755099416, 0.04579999949783087, 0.018700011423788965, 0.031799994758330286]",5.244899992248975,1048576,5.898799994611181,11.156900000059977,93984529.75238311,True
1.3,16,127.0.0.1,44330,AESGCM:CHACHA20:AES256:AES128,server_cert.pem,server_key.pem,True,0.16599999798927456,0.145800004247576,0.37599999632220715,0.7412999984808266,1.8158000020775944,0.5365999968489632,200.32620000711177,200.32620000711177,1048576,"[0.5742999928770587, 0.021899992134422064, 0.020199993741698563, 0.017699989257380366, 0.012999997125007212, 0.018399994587525725, 0.01679999695625156, 0.02950000634882599, 0.05230000533629209, 0.014000004739500582, 0.03509999078232795, 0.029800008633174002, 0.04699999408330768, 0.017499987734481692, 0.00790000194683671, 0.06070001109037548, 0.016699996194802225, 0.028099995688535273, 0.044500004150904715, 0.04150001041125506, 0.024200009647756815, 0.031099989428184927, 0.04579999949783087, 0.017400001524947584, 0.045199994929134846, 0.013800003216601908, 0.0577000027988106, 0.01720000000204891, 0.01619999238755554, 0.05710001278202981, 0.013900003978051245, 0.029100003303028643, 0.04499999340623617, 0.017300000763498247, 0.030499999411404133, 0.04150001041125506, 0.019400002202019095, 0.0568000104976818, 0.016999998479150236, 0.023200002033263445, 0.0340000115102157, 0.036299999919719994, 0.020500010577961802, 0.0577000027988106, 0.01679999695625156, 0.012199991033412516, 0.05879999662283808, 0.0168999977177009, 0.03130000550299883, 0.05610000516753644, 0.013500000932253897, 0.05769998824689537, 0.01720000000204891, 0.016099991626106203, 0.057600002037361264, 0.013600001693703234, 0.030399998649954796, 0.044800006435252726, 0.01679999695625156, 0.02950000634882599, 0.011600001016631722, 0.05950000195298344, 0.017399986973032355, 0.02649999805726111]",5.130400008056313,1048576,4.407000000355765,9.550000002491288,109798534.0027707,True
1.3,17,127.0.0.1,44330,AESGCM:CHACHA20:AES256:AES128,server_cert.pem,server_key.pem,True,0.22560000070370734,0.2297999890288338,0.3836999967461452,1.3524999958463013,1.2956999999005347,0.4017000028397888,213.6295000091195,213.6295000091195,1048576,"[0.5984999879729003, 0.021800005924887955, 0.020099992980249226, 0.01890001294668764, 0.013900003978051245, 0.018999999156221747, 0.018699996871873736, 0.0957000011112541, 0.021899992134422064, 0.014999997802078724, 0.020199993741698563, 0.017699989257380366, 0.03060000017285347, 0.029999995604157448, 0.021900006686337292, 0.03099998866673559, 0.02950000634882599, 0.02849999873433262, 0.028299997211433947, 0.02160000440198928, 0.03060000017285347, 0.02890000178012997, 0.029499991796910763, 0.028299997211433947, 0.02720000338740647, 0.03809999907389283, 0.019099999917671084, 0.01610000617802143, 0.016299993149004877, 0.01239999255631119, 0.016600009985268116, 0.016000005416572094, 0.029300004825927317, 0.016299993149004877, 0.007199996616691351, 0.01720000000204891, 0.015300000086426735, 0.01610000617802143, 0.14449999434873462, 0.029800008633174002, 0.037999998312443495, 0.0644999963697046, 0.04980000085197389, 0.05160000000614673, 0.03499999002087861, 0.03530000685714185, 0.031099989428184927, 0.05149999924469739, 0.031200004741549492, 0.014699995517730713, 0.0329999893438071, 0.05059999239165336, 0.0315000070258975, 0.030099996365606785, 0.04529999569058418, 0.019700004486367106, 0.016300007700920105, 0.020099992980249226, 0.017099999240599573, 0.01030000566970557, 0.017300000763498247, 0.016399993910454214, 0.0168999977177009, 0.015900004655122757]",5.781899992143735,1048576,4.316799997468479,10.11109999672044,103705432.67696968,True
1.3,18,127.0.0.1,44330,AESGCM:CHACHA20:AES256:AES128,server_cert.pem,server_key.pem,True,0.228899996727705,0.20349999249447137,0.5345000099623576,0.8304999937536195,1.3309999922057614,0.38219999987632036,195.92040000134148,195.92040000134148,1048576,"[0.5821999948238954, 0.01780000457074493, 0.020899999071843922, 0.01780000457074493, 0.018600010662339628, 0.016300007700920105, 0.012299991794861853, 0.0619000056758523, 0.018800012185238302, 0.016999998479150236, 0.01790000533219427, 0.0501000031363219, 0.020399995264597237, 0.016400008462369442, 0.05989999044686556, 0.016999998479150236, 0.021899992134422064, 0.05869999586138874, 0.031799994758330286, 0.0577000027988106, 0.016699996194802225, 0.007700000423938036, 0.06469999789260328, 0.0168999977177009, 0.03229999856557697, 0.04339999577496201, 0.013299999409355223, 0.05529999907594174, 0.017400001524947584, 0.030499999411404133, 0.053499999921768904, 0.013100012438371778, 0.031400006264448166, 0.061400001868605614, 0.0185999961104244, 0.054799995268695056, 0.013500000932253897, 0.037699996028095484, 0.0185999961104244, 0.031200004741549492, 0.04350001108832657, 0.016999998479150236, 0.05080000846646726, 0.01889999839477241, 0.03029999788850546, 0.044899992644786835, 0.016699996194802225, 0.049000009312294424, 0.019099999917671084, 0.05370000144466758, 0.016300007700920105, 0.03060000017285347, 0.04870000702794641, 0.018099992303177714, 0.05319999763742089, 0.017400001524947584, 0.03260000084992498, 0.04119999357499182, 0.01890001294668764, 0.05440000677481294, 0.01679999695625156, 0.02849999873433262, 0.047900000936351717, 0.030399998649954796]",5.226199995377101,1048576,4.01439999404829,9.253099997295067,113321589.55447659,True
1.3,19,127.0.0.1,44330,AESGCM:CHACHA20:AES256:AES128,server_cert.pem,server_key.pem,True,0.16769999638199806,0.14420000661630183,0.37090000114403665,0.7094999891705811,1.3457000022754073,0.5710000114049762,198.61880000098608,198.61880000098608,1048576,"[0.5646000063279644, 0.018499995348975062, 0.021499989088624716, 0.018099992303177714, 0.01759998849593103, 0.016699996194802225, 0.012599994079209864, 0.08299999171867967, 0.03259998629800975, 0.08620000153314322, 0.02300000051036477, 0.014599994756281376, 0.01850000990089029, 0.0168999977177009, 0.030499999411404133, 0.07829999958630651, 0.03710000601131469, 0.10869999823626131, 0.021299987565726042, 0.01999999221879989, 0.017400001524947584, 0.008300004992634058, 0.01750000228639692, 0.07760000880807638, 0.030800001695752144, 0.10109999857377261, 0.016399993910454214, 0.02130000211764127, 0.01720000000204891, 0.016400008462369442, 0.01579998934175819, 0.007700000423938036, 0.0678999931551516, 0.01819999306462705, 0.020699997548945248, 0.04879999323748052, 0.016599995433352888, 0.04129999433644116, 0.018800012185238302, 0.05629999213851988, 0.016700010746717453, 0.0168999977177009, 0.0526000076206401, 0.03190001007169485, 0.043499996536411345, 0.017099999240599573, 0.05560000136028975, 0.013299999409355223, 0.03360000846441835, 0.030400013201870024, 0.031400006264448166, 0.044500004150904715, 0.01239999255631119, 0.05780000356025994, 0.016200006939470768, 0.02519998815841973, 0.05570000212173909, 0.013699987903237343, 0.028800001018680632, 0.05609999061562121, 0.016999998479150236, 0.0202999945031479, 0.04030000127386302, 0.021700005163438618]",5.5339999962598085,1048576,4.349599999841303,9.895800001686439,105961721.1161606,True
1.3,20,127.0.0.1,44330,AESGCM:CHACHA20:AES256:AES128,server_cert.pem,server_key.pem,True,0.15940000594127923,0.15259999781847,0.3668999997898936,0.7505999965360388,0.8921999979065731,0.35879999632015824,200.0809000019217,200.0809000019217,1048576,"[0.6100000027799979, 0.02340000355616212, 0.0202999945031479, 0.018099992303177714, 0.01889999839477241, 0.013600001693703234, 0.018499995348975062, 0.06019999273121357, 0.018999999156221747, 0.017300000763498247, 0.018699996871873736, 0.06629999552387744, 0.01819999306462705, 0.0168999977177009, 0.0295999925583601, 0.052099989261478186, 0.019199986127205193, 0.03139999171253294, 0.09760000102687627, 0.018000006093643606, 0.02579999272711575, 0.05819999205414206, 0.01720000000204891, 0.05499999679159373, 0.017099999240599573, 0.031100003980100155, 0.05539999983739108, 0.01610000617802143, 0.0312999909510836, 0.05390000296756625, 0.012799995602108538, 0.05549998604692519, 0.016699996194802225, 0.02750000567175448, 0.03310000465717167, 0.04370001261122525, 0.02269999822601676, 0.054499992984347045, 0.01649999467190355, 0.02849999873433262, 0.04389999958220869, 0.019799990695901215, 0.05399998917710036, 0.016599995433352888, 0.032500000088475645, 0.04909999552182853, 0.018799997633323073, 0.06079999729990959, 0.01649999467190355, 0.05440000677481294, 0.013299999409355223, 0.054499992984347045, 0.01680001150816679, 0.054499992984347045, 0.017099999240599573, 0.029000002541579306, 0.05459999374579638, 0.017700003809295595, 0.02920000406447798, 0.060999998822808266, 0.008999995770864189, 0.030399998649954796, 0.04549999721348286, 0.01720000000204891]",5.340900010196492,1048576,4.527700002654456,9.88070000312291,106123655.17307329,True
1.3,21,127.0.0.1,44330,AESGCM:CHACHA20:AES256:AES128,server_cert.pem,server_key.pem,True,0.1576999929966405,0.1441999920643866,0.36019999242853373,0.7261999999172986,1.4186000043991953,0.3698999935295433,200.17510000616312,200.17510000616312,1048576,"[0.5739000043831766, 0.023200002033263445, 0.020699997548945248, 0.03169999399688095, 0.021000014385208488, 0.013299999409355223, 0.0185999961104244, 0.016700010746717453, 0.016400008462369442, 0.023899992811493576, 0.03739999374374747, 0.027600006433203816, 0.06189999112393707, 0.017300000763498247, 0.021200001356191933, 0.04769999941345304, 0.013199998647905886, 0.06649999704677612, 0.017099999240599573, 0.05709999823011458, 0.016600009985268116, 0.02890000178012997, 0.05780000356025994, 0.01679999695625156, 0.03130000550299883, 0.05629999213851988, 0.01309999788645655, 0.03440000000409782, 0.032199997804127634, 0.05709999823011458, 0.016600009985268116, 0.02720000338740647, 0.056899996707215905, 0.0168999977177009, 0.05649999366141856, 0.016999998479150236, 0.023900007363408804, 0.05699999746866524, 0.01750000228639692, 0.03329999162815511, 0.0560000044060871, 0.012799995602108538, 0.0312999909510836, 0.03310000465717167, 0.050099988584406674, 0.01650000922381878, 0.019099999917671084, 0.08379999781027436, 0.01619999238755554, 0.055900003644637764, 0.016600009985268116, 0.02680000034160912, 0.05709999823011458, 0.016399993910454214, 0.0323000131174922, 0.05630000669043511, 0.012999997125007212, 0.03170000854879618, 0.030499999411404133, 0.03190001007169485, 0.05640000745188445, 0.012799995602108538, 0.034900003811344504, 0.03780001134146005]",5.377000008593313,1048576,4.626599999028258,10.016200001700781,104688005.41342512,True
1.3,22,127.0.0.1,44330,AESGCM:CHACHA20:AES256:AES128,server_cert.pem,server_key.pem,True,0.16200001118704677,0.14799999189563096,0.37629999860655516,0.7061000069370493,0.9244999964721501,0.37650000012945384,199.33920000039507,199.33920000039507,1048576,"[0.6259000074351206, 0.021700005163438618, 0.01960000372491777, 0.01790000533219427, 0.013299999409355223, 0.01850000990089029, 0.01679999695625156, 0.030700000934302807, 0.05849999433849007, 0.013599987141788006, 0.02400000812485814, 0.030499999411404133, 0.03789999755099416, 0.0219999928958714, 0.008799994247965515, 0.018399994587525725, 0.016599995433352888, 0.016600009985268116, 0.0560000044060871, 0.014600009308196604, 0.018399994587525725, 0.021500003640539944, 0.044899992644786835, 0.016999998479150236, 0.025200002710334957, 0.04939999780617654, 0.01930000144056976, 0.026900001103058457, 0.05110001075081527, 0.0168999977177009, 0.02749999111983925, 0.05250000685919076, 0.01850000990089029, 0.028399997972883284, 0.043100008042529225, 0.01300001167692244, 0.052700008382089436, 0.030399998649954796, 0.01820000761654228, 0.041700011934153736, 0.012999997125007212, 0.02239999594166875, 0.07409999670926481, 0.030199997127056122, 0.029999995604157448, 0.023199987481348217, 0.022100008209235966, 0.0661999947624281, 0.018099992303177714, 0.016399993910454214, 0.023299988242797554, 0.054199990699999034, 0.01780000457074493, 0.0425000034738332, 0.017099999240599573, 0.04149999585933983, 0.029600007110275328, 0.029800008633174002, 0.06459999713115394, 0.020400009816512465, 0.008600007276982069, 0.018100006855092943, 0.016699996194802225, 0.04810000245925039]",5.40779999573715,1048576,4.387900000438094,9.80820000404492,106908097.26224642,True
1.3,23,127.0.0.1,44330,AESGCM:CHACHA20:AES256:AES128,server_cert.pem,server_key.pem,True,0.15740000526420772,0.145800004247576,0.3630999999586493,0.7290000066859648,1.9595000048866495,0.3527000080794096,200.28499999898486,200.28499999898486,1048576,"[0.5852000031154603, 0.026900001103058457, 0.03310000465717167, 0.02649999805726111, 0.029300004825927317, 0.029000002541579306, 0.013800003216601908, 0.01930000144056976, 0.07160000677686185, 0.05640000745188445, 0.05560000136028975, 0.049000009312294424, 0.11660000018309802, 0.022200008970685303, 0.019099999917671084, 0.018100006855092943, 0.008600007276982069, 0.018499995348975062, 0.017399986973032355, 0.04879999323748052, 0.016999998479150236, 0.01309999788645655, 0.06019999273121357, 0.017499987734481692, 0.03480000304989517, 0.04719999560620636, 0.017300000763498247, 0.02719998883549124, 0.05640000745188445, 0.01750000228639692, 0.027700007194653153, 0.04710000939667225, 0.013199998647905886, 0.05570000212173909, 0.016700010746717453, 0.029099988751113415, 0.0560000044060871, 0.012999997125007212, 0.05529999907594174, 0.016299993149004877, 0.054199990699999034, 0.01750000228639692, 0.016999998479150236, 0.06510000093840063, 0.02379999205004424, 0.01649999467190355, 0.054799995268695056, 0.012600008631125093, 0.0540999899385497, 0.016999998479150236, 0.02680000034160912, 0.05289999535307288, 0.012199991033412516, 0.03309999010525644, 0.04389999958220869, 0.016999998479150236, 0.04299999272916466, 0.01340000017080456, 0.05610000516753644, 0.0168999977177009, 0.02649999805726111, 0.046899993321858346, 0.008099988917820156, 0.056200005928985775]",5.546700005652383,1048576,4.3157000036444515,9.87419999728445,106193514.44049886,True
1.3,24,127.0.0.1,44330,AESGCM:CHACHA20:AES256:AES128,server_cert.pem,server_key.pem,True,0.16280000272672623,0.18680001085158437,0.34509999386500567,0.6873999955132604,1.4601999864680693,0.3895999980159104,191.71080000523943,191.71080000523943,1048576,"[0.6093999982113019, 0.022599997464567423, 0.019799990695901215, 0.017099999240599573, 0.017400001524947584, 0.04890000855084509, 0.020699997548945248, 0.04780000017490238, 0.017700003809295595, 0.030399998649954796, 0.025000001187436283, 0.05079999391455203, 0.01759998849593103, 0.03229999856557697, 0.04999998782295734, 0.01820000761654228, 0.025200002710334957, 0.06910000229254365, 0.017099999240599573, 0.05019998934585601, 0.01720000000204891, 0.042100000428035855, 0.022999985958449543, 0.04600000102072954, 0.01750000228639692, 0.04879999323748052, 0.013299999409355223, 0.04940001235809177, 0.017700003809295595, 0.032500000088475645, 0.055500000598840415, 0.01990000600926578, 0.02889998722821474, 0.027900008717551827, 0.03159999323543161, 0.04549999721348286, 0.013299999409355223, 0.048600006266497076, 0.017300000763498247, 0.04400000034365803, 0.017600003047846258, 0.02849999873433262, 0.049700000090524554, 0.016699996194802225, 0.04499999340623617, 0.017399986973032355, 0.027999994927085936, 0.0594000011915341, 0.017099999240599573, 0.04959999932907522, 0.016599995433352888, 0.02099999983329326, 0.05509999755304307, 0.017400001524947584, 0.028800001018680632, 0.05160000000614673, 0.013900003978051245, 0.050099988584406674, 0.017099999240599573, 0.03199999628122896, 0.031400006264448166, 0.044500004150904715, 0.01960000372491777, 0.031100003980100155]",5.303700003423728,1048576,4.509099991992116,9.824799999478273,106727465.19579865,True
1.3,25,127.0.0.1,44330,AESGCM:CHACHA20:AES256:AES128,server_cert.pem,server_key.pem,True,0.16619999951217324,0.16589999722782522,0.3704999980982393,0.7721000001765788,1.0486000101082027,0.3956000000471249,212.36360000330023,212.36360000330023,1048576,"[0.6072000105632469, 0.02780000795610249, 0.024500011932104826, 0.02059999678749591, 0.015900004655122757, 0.02160000440198928, 0.016000005416572094, 0.2046999870799482, 0.02230000973213464, 0.014800010831095278, 0.10379999002907425, 0.02239999594166875, 0.01930000144056976, 0.017700003809295595, 0.008699993486516178, 0.018300008377991617, 0.016700010746717453, 0.016300007700920105, 0.05319999763742089, 0.013600001693703234, 0.1269999920623377, 0.025999994250014424, 0.03710000601131469, 0.06009999196976423, 0.017400001524947584, 0.01579998934175819, 0.027400004910305142, 0.019899991457350552, 0.016999998479150236, 0.016300007700920105, 0.01580000389367342, 0.02300000051036477, 0.022500011255033314, 0.09650000720284879, 0.02239999594166875, 0.015999990864656866, 0.01930000144056976, 0.01649999467190355, 0.016299993149004877, 0.02269999822601676, 0.08870000601746142, 0.02479999966453761, 0.018699996871873736, 0.0219999928958714, 0.017400001524947584, 0.012200005585327744, 0.018099992303177714, 0.017400001524947584, 0.016299993149004877, 0.053499999921768904, 0.012999997125007212, 0.09619999036658555, 0.025300003471784294, 0.018699996871873736, 0.019800005247816443, 0.01340000017080456, 0.017999991541728377, 0.016699996194802225, 0.020799998310394585, 0.015600002370774746, 0.008099988917820156, 0.09950000094249845, 0.025999994250014424, 0.023800006601959467]",5.43449999531731,1048576,4.346800007624552,9.794300000066869,107059820.50711547,True
1.3,26,127.0.0.1,44330,AESGCM:CHACHA20:AES256:AES128,server_cert.pem,server_key.pem,True,0.185800003237091,0.15589999384246767,0.35119999665766954,0.8761000062804669,0.815200008219108,0.3826999891316518,194.6656000072835,194.6656000072835,1048576,"[0.5333000008249655, 0.022599997464567423, 0.019400002202019095, 0.017799990018829703, 0.017399986973032355, 0.027600006433203816, 0.05839999357704073, 0.01789999078027904, 0.016999998479150236, 0.049700000090524554, 0.014499993994832039, 0.03360000846441835, 0.02780000795610249, 0.04939999780617654, 0.01789999078027904, 0.017600003047846258, 0.05250000685919076, 0.017600003047846258, 0.03959999594371766, 0.05909999890718609, 0.008799994247965515, 0.026299996534362435, 0.047900000936351717, 0.017699989257380366, 0.04510000871960074, 0.014199991710484028, 0.05060000694356859, 0.01750000228639692, 0.03090000245720148, 0.04919999628327787, 0.008699993486516178, 0.03429999924264848, 0.03130000550299883, 0.043799998820759356, 0.017600003047846258, 0.042400002712383866, 0.019500002963468432, 0.04739999712910503, 0.01850000990089029, 0.02680000034160912, 0.04809998790733516, 0.013500000932253897, 0.03060000017285347, 0.047599998652003706, 0.01789999078027904, 0.0484000047435984, 0.013500000932253897, 0.05020000389777124, 0.0171000137925148, 0.05489999603014439, 0.018100006855092943, 0.040700004319660366, 0.019500002963468432, 0.04640000406652689, 0.01750000228639692, 0.033800009987317026, 0.04289999196771532, 0.01959998917300254, 0.03189999551977962, 0.048300003982149065, 0.017400001524947584, 0.02160000440198928, 0.05539999983739108, 0.017099999240599573]",5.179999992833473,1048576,4.904699992039241,10.098099999595433,103838940.00277376,True
1.3,27,127.0.0.1,44330,AESGCM:CHACHA20:AES256:AES128,server_cert.pem,server_key.pem,True,0.16239999968092889,0.14180000289343297,0.3588999970816076,0.7096999906934798,0.9905000042635947,0.36160000308882445,198.4509000030812,198.4509000030812,1048576,"[0.6055999983800575, 0.02300000051036477, 0.01930000144056976, 0.02059999678749591, 0.01750000228639692, 0.01780000457074493, 0.020700012100860476, 0.021700005163438618, 0.018699996871873736, 0.08379999781027436, 0.03060000017285347, 0.04640000406652689, 0.03860000288113952, 0.09839999256655574, 0.02439999661874026, 0.018499995348975062, 0.019400002202019095, 0.020899999071843922, 0.018499995348975062, 0.022099993657320738, 0.08490000618621707, 0.027599991881288588, 0.10299999848939478, 0.02230000973213464, 0.018999999156221747, 0.01850000990089029, 0.013600001693703234, 0.024900000425986946, 0.01930000144056976, 0.02340000355616212, 0.09020000288728625, 0.03170000854879618, 0.04539999645203352, 0.09389998740516603, 0.021899992134422064, 0.01990000600926578, 0.013299999409355223, 0.017999991541728377, 0.022799998987466097, 0.01619999238755554, 0.06049999501556158, 0.014199991710484028, 0.052799994591623545, 0.018799997633323073, 0.016399993910454214, 0.05870001041330397, 0.013299999409355223, 0.03850000211969018, 0.01679999695625156, 0.058299992815591395, 0.017099999240599573, 0.008100003469735384, 0.058999998145736754, 0.017099999240599573, 0.021900006686337292, 0.04499999340623617, 0.017600003047846258, 0.05060000694356859, 0.0168999977177009, 0.0320999970426783, 0.04440000338945538, 0.012999997125007212, 0.058299992815591395, 0.01750000228639692]",5.646499994327314,1048576,4.612500008079223,10.271400009514764,102086959.81352752,True
1.3,28,127.0.0.1,44330,AESGCM:CHACHA20:AES256:AES128,server_cert.pem,server_key.pem,True,0.16070000128820539,0.1449999981559813,0.35689999640453607,0.8110999915516004,0.6983999919611961,0.367600005120039,200.8134999923641,200.8134999923641,1048576,"[0.5859000084456056, 0.021700005163438618, 0.020100007532164454, 0.00960000033956021, 0.0185999961104244, 0.017099999240599573, 0.01960000372491777, 0.030399998649954796, 0.05250000685919076, 0.013600001693703234, 0.049299997044727206, 0.018000006093643606, 0.03399999695830047, 0.0484000047435984, 0.012999997125007212, 0.058999998145736754, 0.017300000763498247, 0.016599995433352888, 0.06510000093840063, 0.013600001693703234, 0.05950000195298344, 0.01680001150816679, 0.04169999738223851, 0.021299987565726042, 0.0467000063508749, 0.0185999961104244, 0.05099999543745071, 0.017499987734481692, 0.05089999467600137, 0.013199998647905886, 0.051399998483248055, 0.016599995433352888, 0.05029999010730535, 0.016599995433352888, 0.04630000330507755, 0.01850000990089029, 0.0501000031363219, 0.0168999977177009, 0.0320999970426783, 0.045599997974932194, 0.018399994587525725, 0.0320999970426783, 0.04990000161342323, 0.016699996194802225, 0.007499998901039362, 0.06749999010935426, 0.016699996194802225, 0.05040000542066991, 0.03780001134146005, 0.022100008209235966, 0.05050000618211925, 0.016599995433352888, 0.09799998952075839, 0.022799998987466097, 0.05439999222289771, 0.020099992980249226, 0.026299996534362435, 0.055900003644637764, 0.01649999467190355, 0.024499997380189598, 0.05889999738428742, 0.016999998479150236, 0.023499989765696228, 0.06469999789260328]",5.383299998356961,1048576,4.4132999901194125,9.808700007852167,106902647.56395675,True
1.3,29,127.0.0.1,44330,AESGCM:CHACHA20:AES256:AES128,server_cert.pem,server_key.pem,True,0.16070000128820539,0.15260001237038523,0.3542000049492344,0.7597999938298017,1.3712000072700903,0.3797999961534515,205.68890000868123,205.68890000868123,1048576,"[0.6067000067560002, 0.021800005924887955, 0.020499996026046574, 0.018399994587525725, 0.013199998647905886, 0.018699996871873736, 0.016599995433352888, 0.03170000854879618, 0.05830000736750662, 0.01340000017080456, 0.029100003303028643, 0.028399997972883284, 0.03130000550299883, 0.053099996875971556, 0.008200004231184721, 0.02920000406447798, 0.05050000618211925, 0.017300000763498247, 0.05840000812895596, 0.017300000763498247, 0.06760000542271882, 0.016699996194802225, 0.01750000228639692, 0.05079999391455203, 0.016399993910454214, 0.04680000711232424, 0.019800005247816443, 0.05040000542066991, 0.016399993910454214, 0.08970001363195479, 0.021400002879090607, 0.02849999873433262, 0.023300002794712782, 0.02130000211764127, 0.021499989088624716, 0.015999990864656866, 0.022799998987466097, 0.020799998310394585, 0.020699997548945248, 0.020799998310394585, 0.01580000389367342, 0.022199994418770075, 0.023899992811493576, 0.023999993572942913, 0.027900008717551827, 0.020800012862309813, 0.030499999411404133, 0.024199995095841587, 0.022099993657320738, 0.020799998310394585, 0.01679999695625156, 0.023300002794712782, 0.020399995264597237, 0.02020000829361379, 0.022899999748915434, 0.016999998479150236, 0.02510000194888562, 0.030700000934302807, 0.029700007871724665, 0.05140001303516328, 0.015900004655122757, 0.02649999805726111, 0.022899999748915434, 0.020799998310394585]",5.600900010904297,1048576,7.677100002183579,13.29589998931624,78864612.46268177,True
1.3,30,127.0.0.1,44330,AESGCM:CHACHA20:AES256:AES128,server_cert.pem,server_key.pem,True,0.17129999469034374,0.14609999198000878,0.3711000026669353,0.7083999953465536,2.276200000778772,0.3770000039367005,206.27739999326877,206.27739999326877,1048576,"[0.629700007266365, 0.023599990527145565, 0.019500002963468432, 0.018600010662339628, 0.013500000932253897, 0.019699989934451878, 0.016999998479150236, 0.0168999977177009, 0.016399993910454214, 0.012299991794861853, 0.01759998849593103, 0.015699988580308855, 0.029399991035461426, 0.03370000922586769, 0.026399997295811772, 0.06220000796020031, 0.01679999695625156, 0.016099991626106203, 0.06600000779144466, 0.008100003469735384, 0.05869999586138874, 0.017400001524947584, 0.03130000550299883, 0.04959999932907522, 0.013200013199821115, 0.04699999408330768, 0.01720000000204891, 0.03399999695830047, 0.03139999171253294, 0.04539999645203352, 0.01340000017080456, 0.05750000127591193, 0.016599995433352888, 0.031400006264448166, 0.04400000034365803, 0.012799995602108538, 0.0568000104976818, 0.01720000000204891, 0.028700000257231295, 0.04370001261122525, 0.012599994079209864, 0.05780000356025994, 0.016999998479150236, 0.028599999495781958, 0.04339999577496201, 0.012599994079209864, 0.05670000973623246, 0.017099999240599573, 0.05300001066643745, 0.02680000034160912, 0.03819999983534217, 0.029800008633174002, 0.0405999890062958, 0.01720000000204891, 0.05129999772179872, 0.013600001693703234, 0.0518000015290454, 0.01680001150816679, 0.026399997295811772, 0.030499999411404133, 0.03750000905711204, 0.030000010156072676, 0.039000005926936865, 0.01649999467190355]",5.298100004438311,1048576,4.4138000084785745,9.724000003188848,107833813.21021537,True
1.3,31,127.0.0.1,44330,AESGCM:CHACHA20:AES256:AES128,server_cert.pem,server_key.pem,True,0.1584999990882352,0.14279999595601112,0.3487000067252666,0.7132000027922913,0.7909999985713512,0.4596999933710322,197.49900000169873,197.49900000169873,1048576,"[0.5839000077685341, 0.017700003809295595, 0.021500003640539944, 0.01790000533219427, 0.017300000763498247, 0.01750000228639692, 0.015199999324977398, 0.035599994589574635, 0.050699993153102696, 0.017600003047846258, 0.030499999411404133, 0.02649999805726111, 0.05950000195298344, 0.0168999977177009, 0.01649999467190355, 0.058599995099939406, 0.012899996363557875, 0.0340000115102157, 0.05539999983739108, 0.016600009985268116, 0.0568000104976818, 0.01340000017080456, 0.057600002037361264, 0.016400008462369442, 0.0295999925583601, 0.056900011259131134, 0.008000002708286047, 0.02920000406447798, 0.048300003982149065, 0.016399993910454214, 0.04369999805931002, 0.012400007108226418, 0.05709999823011458, 0.017099999240599573, 0.031100003980100155, 0.04360001184977591, 0.01270000939257443, 0.056899996707215905, 0.017300000763498247, 0.03050001396331936, 0.033199990866705775, 0.04600000102072954, 0.01930000144056976, 0.0670000008540228, 0.016900012269616127, 0.01619999238755554, 0.04460000491235405, 0.012799995602108538, 0.06410000787582248, 0.01679999695625156, 0.05609999061562121, 0.016999998479150236, 0.0278999941656366, 0.056200005928985775, 0.016200006939470768, 0.030499999411404133, 0.0447999918833375, 0.01300001167692244, 0.057199998991563916, 0.0168999977177009, 0.031200004741549492, 0.043799998820759356, 0.012699994840659201, 0.05740000051446259]",5.257900003925897,1048576,4.492699998081662,9.762500005308539,107408553.07859847,True
1.3,32,127.0.0.1,44330,AESGCM:CHACHA20:AES256:AES128,server_cert.pem,server_key.pem,True,0.16150000737980008,0.1472000003559515,0.3552999987732619,1.104399998439476,2.841900000930764,0.37140000495128334,197.51289999112487,197.51289999112487,1048576,"[0.5321999924490228, 0.02239999594166875, 0.015700003132224083, 0.019400002202019095, 0.01679999695625156, 0.0416000111727044, 0.018999999156221747, 0.022500011255033314, 0.056200005928985775, 0.01790000533219427, 0.033500007702969015, 0.05079999391455203, 0.013999990187585354, 0.04739999712910503, 0.01780000457074493, 0.03260000084992498, 0.031800009310245514, 0.01270000939257443, 0.0709999876562506, 0.017399986973032355, 0.04650000482797623, 0.01720000000204891, 0.028700000257231295, 0.051300012273713946, 0.019099999917671084, 0.03170000854879618, 0.04959999932907522, 0.017600003047846258, 0.019899991457350552, 0.05750000127591193, 0.01750000228639692, 0.03220001235604286, 0.04980000085197389, 0.013700002455152571, 0.047599998652003706, 0.017400001524947584, 0.031400006264448166, 0.048600006266497076, 0.013899989426136017, 0.03409999771974981, 0.04650000482797623, 0.017799990018829703, 0.026599998818710446, 0.02819999644998461, 0.05040000542066991, 0.01790000533219427, 0.030100010917522013, 0.04909999552182853, 0.024499997380189598, 0.05230000533629209, 0.01759998849593103, 0.04470000567380339, 0.017400001524947584, 0.04030000127386302, 0.019799990695901215, 0.04780000017490238, 0.018100006855092943, 0.033200005418621004, 0.044599990360438824, 0.019800005247816443, 0.0320999970426783, 0.04549999721348286, 0.01679999695625156, 0.017300000763498247]",5.193799996050075,1048576,4.903100008959882,10.108700007549487,103730054.23218527,True
