mode,payload_bytes,endpoint,metric,attempted,n,mean,median,standard_deviation,ci95_low,ci95_high,minimum,maximum
baseline,1024,client,tcp_connect_ms,16,16,13.395143749999999,16.296999999999997,8.52291498881838,8.853602930060578,17.93668456993942,2.644,27.4615
baseline,1024,client,tls_handshake_ms,16,16,2.56699375,2.49735,0.2789167270441125,2.4183695172232333,2.7156179827767666,2.3391,3.5505
baseline,1024,client,channel_ready_ms,16,16,15.9900375,18.839799999999997,8.50886835255821,11.455981604178923,20.524093395821076,5.0006,29.9325
baseline,1024,client,ping_rtt_ms,16,16,0.24684999999999999,0.24255,0.042876364895670274,0.22400279788197197,0.269697202118028,0.1963,0.3528
baseline,1024,client,upload_send_ms,16,16,0.37479375,0.36415,0.031982901030602785,0.3577512650331632,0.3918362349668368,0.3437,0.4669
baseline,1024,client,download_receive_ms,16,16,0.38665,0.363,0.12684059287152516,0.31906141899137813,0.45423858100862186,0.3187,0.8503
baseline,1024,client,transfer_total_ms,16,16,0.82213125,0.7834,0.14721927735524312,0.7436836345458988,0.9005788654541012,0.7322,1.3488
baseline,1024,client,throughput_mbps,16,16,20.334347430119156,20.914537629415083,2.4514670383720167,19.02805285389623,21.64064200634208,12.14709371293001,22.376399890740238
baseline,1024,client,process_cpu_ms,16,16,3.90625,0.0,6.987712429686843,0.18276087931118656,7.629739120688813,0.0,15.625
baseline,1024,client,handshake_framed_bytes_sent,16,16,0.0,0.0,0.0,0.0,0.0,0.0,0.0
baseline,1024,client,handshake_framed_bytes_received,16,16,0.0,0.0,0.0,0.0,0.0,0.0,0.0
baseline,1024,client,application_framed_bytes_sent,16,16,1244.0,1244.0,0.0,1244.0,1244.0,1244.0,1244.0
baseline,1024,client,application_framed_bytes_received,16,16,1192.0,1192.0,0.0,1192.0,1192.0,1192.0,1192.0
baseline,1024,server,tls_handshake_ms,16,16,12.9294375,15.860299999999999,8.660075215983982,8.314809154095347,17.544065845904655,2.088,27.1293
baseline,1024,server,channel_ready_ms,16,16,12.9385,15.8689,8.659668741547412,8.324088249033622,17.552911750966377,2.097,27.1379
baseline,1024,server,ping_service_ms,16,16,0.3661,0.36175,0.026700337076523962,0.35187239466799053,0.38032760533200943,0.3276,0.4384
baseline,1024,server,upload_receive_ms,16,16,0.48924999999999996,0.47109999999999996,0.09419904458114212,0.43905487230885054,0.5394451276911494,0.4099,0.8077
baseline,1024,server,download_send_ms,16,16,0.30226875,0.2889,0.04631320501037833,0.2775901850568083,0.3269473149431916,0.2789,0.4695
baseline,1024,server,transfer_total_ms,16,16,0.92030625,0.8886000000000001,0.15432313055728228,0.8380732583760971,1.0025392416239027,0.8135,1.4606
baseline,1024,server,throughput_mbps,16,16,18.13682237296287,18.439842146743494,2.16130502085619,16.98514422183312,19.288500524092623,11.217307955634672,20.140135218192995
baseline,1024,server,process_cpu_ms,16,16,5.859375,0.0,9.674049802607662,0.7044377361284102,11.01431226387159,0.0,31.25
baseline,1024,server,handshake_framed_bytes_sent,16,16,0.0,0.0,0.0,0.0,0.0,0.0,0.0
baseline,1024,server,handshake_framed_bytes_received,16,16,0.0,0.0,0.0,0.0,0.0,0.0,0.0
baseline,1024,server,application_framed_bytes_sent,16,16,1192.0,1192.0,0.0,1192.0,1192.0,1192.0,1192.0
baseline,1024,server,application_framed_bytes_received,16,16,1244.0,1244.0,0.0,1244.0,1244.0,1244.0,1244.0
baseline,102400,client,tcp_connect_ms,16,16,9.14686875,5.7655,7.7723546796509275,5.005273287533038,13.28846421246696,2.5346,25.4995
baseline,102400,client,tls_handshake_ms,16,16,2.50016875,2.4734,0.12881223398808053,2.431529555600906,2.5688079443990937,2.315,2.7263
baseline,102400,client,channel_ready_ms,16,16,11.67155,8.3133,7.794779257169506,7.518005323642704,15.825094676357295,4.8709,28.0052
baseline,102400,client,ping_rtt_ms,16,16,0.23670625,0.2244,0.025297311286643354,0.22322626433855283,0.2501862356614472,0.2053,0.2776
baseline,102400,client,upload_send_ms,16,16,0.72755,0.7273499999999999,0.024505781630736318,0.7144917907198978,0.7406082092801023,0.6723,0.7809
baseline,102400,client,download_receive_ms,16,16,0.88673125,0.86705,0.08058708514189274,0.8437894234990906,0.9296730765009094,0.7901,1.0898
baseline,102400,client,transfer_total_ms,16,16,1.673575,1.65985,0.08674589327455218,1.6273513763002045,1.7197986236997955,1.5609,1.8859
baseline,102400,client,throughput_mbps,16,16,981.3040520393164,987.113333264755,47.86777034606731,955.7971177015506,1006.8109863770821,868.7629248634605,1049.6508424626818
baseline,102400,client,process_cpu_ms,16,16,10.7421875,15.625,11.00241154910292,4.879416225901983,16.604958774098016,0.0,31.25
baseline,102400,client,handshake_framed_bytes_sent,16,16,0.0,0.0,0.0,0.0,0.0,0.0,0.0
baseline,102400,client,handshake_framed_bytes_received,16,16,0.0,0.0,0.0,0.0,0.0,0.0,0.0
baseline,102400,client,application_framed_bytes_sent,16,16,102640.0,102640.0,0.0,102640.0,102640.0,102640.0,102640.0
baseline,102400,client,application_framed_bytes_received,16,16,102588.0,102588.0,0.0,102588.0,102588.0,102588.0,102588.0
baseline,102400,server,tls_handshake_ms,16,16,8.6834,5.36165,7.789987324422721,4.532408764361577,12.834391235638424,2.0222,25.1675
baseline,102400,server,channel_ready_ms,16,16,8.6920875,5.3697,7.790245820415425,4.540958521570031,12.843216478429968,2.0302,25.1758
baseline,102400,server,ping_service_ms,16,16,0.359875,0.35535,0.028936747110436128,0.34445569588037395,0.37529430411962605,0.3147,0.4341
baseline,102400,server,upload_receive_ms,16,16,0.9332125,0.9255,0.04595752930695903,0.9087234612609132,0.9577015387390868,0.8668,1.0371
baseline,102400,server,download_send_ms,16,16,0.60605,0.594,0.0387147861503414,0.5854203466633571,0.6266796533366429,0.5652,0.7084
baseline,102400,server,transfer_total_ms,16,16,1.77249375,1.7485,0.08842662094452476,1.7253745297431116,1.8196129702568884,1.6565,1.9881
baseline,102400,server,throughput_mbps,16,16,926.4219299495472,937.0350792323443,44.43280384623246,902.7453600580526,950.0984998410419,824.1034153211609,989.0733474192575
baseline,102400,server,process_cpu_ms,16,16,6.8359375,0.0,8.005430285905936,2.5701448137747382,11.10173018622526,0.0,15.625
baseline,102400,server,handshake_framed_bytes_sent,16,16,0.0,0.0,0.0,0.0,0.0,0.0,0.0
baseline,102400,server,handshake_framed_bytes_received,16,16,0.0,0.0,0.0,0.0,0.0,0.0,0.0
baseline,102400,server,application_framed_bytes_sent,16,16,102588.0,102588.0,0.0,102588.0,102588.0,102588.0,102588.0
baseline,102400,server,application_framed_bytes_received,16,16,102640.0,102640.0,0.0,102640.0,102640.0,102640.0,102640.0
baseline,1048576,client,tcp_connect_ms,16,16,10.9314875,11.3679,7.698280904710696,6.829363166016592,15.033611833983407,2.6274,23.6171
baseline,1048576,client,tls_handshake_ms,16,16,2.581575,2.5594,0.1391109461305376,2.5074480092719345,2.6557019907280655,2.3741,2.8796
baseline,1048576,client,channel_ready_ms,16,16,13.54130625,13.95465,7.7704391853115355,9.400731482417843,17.681881017582157,5.1509,26.4744
baseline,1048576,client,ping_rtt_ms,16,16,0.236625,0.23615,0.024469995232256722,0.2235858599455919,0.2496641400544081,0.2005,0.2893
baseline,1048576,client,upload_send_ms,16,16,3.39599375,3.3865499999999997,0.06377764988614748,3.3620090392833326,3.4299784607166677,3.2457,3.5346
baseline,1048576,client,download_receive_ms,16,16,3.4680625,3.4186,0.5717528357311982,3.1633969195271208,3.772728080472879,2.9641,5.4796
baseline,1048576,client,transfer_total_ms,16,16,6.9256875,6.845549999999999,0.5878373866697039,6.612451067330021,7.23892393266998,6.2795,8.9875
baseline,1048576,client,throughput_mbps,16,16,2435.962044554483,2450.8261401712807,170.79471880866868,2344.9519631073154,2526.9721260016504,1866.727788595271,2671.74392865674
baseline,1048576,client,process_cpu_ms,16,16,10.7421875,15.625,9.407495764681482,5.7292868568796,15.7550881431204,0.0,31.25
baseline,1048576,client,handshake_framed_bytes_sent,16,16,0.0,0.0,0.0,0.0,0.0,0.0,0.0
baseline,1048576,client,handshake_framed_bytes_received,16,16,0.0,0.0,0.0,0.0,0.0,0.0,0.0
baseline,1048576,client,application_framed_bytes_sent,16,16,1049116.0,1049116.0,0.0,1049116.0,1049116.0,1049116.0,1049116.0
baseline,1048576,client,application_framed_bytes_received,16,16,1049064.0,1049064.0,0.0,1049064.0,1049064.0,1049064.0,1049064.0
baseline,1048576,server,tls_handshake_ms,16,16,10.57151875,11.09545,7.816368966062503,6.40646972984052,14.736567770159478,2.0748,23.5103
baseline,1048576,server,channel_ready_ms,16,16,10.5804375,11.1043,7.816759511449315,6.415180372893711,14.745694627106289,2.0833,23.5204
baseline,1048576,server,ping_service_ms,16,16,0.37540625,0.3604,0.05466230229021338,0.3462787651560746,0.4045337348439254,0.2933,0.4975
baseline,1048576,server,upload_receive_ms,16,16,3.5294875,3.50435,0.07692185536850585,3.488498736582805,3.5704762634171954,3.3692,3.6962
baseline,1048576,server,download_send_ms,16,16,3.32825,3.2821,0.5542265036366751,3.032923542671669,3.623576457328331,2.8167,5.2685
baseline,1048576,server,transfer_total_ms,16,16,7.0222375,6.92695,0.5918348011340102,6.70687099551918,7.33760400448082,6.3718,9.0814
baseline,1048576,server,throughput_mbps,16,16,2402.3670409648794,2422.023535762697,168.34340032142157,2312.663174936628,2492.070906993131,1847.426167771489,2633.0418406101885
baseline,1048576,server,process_cpu_ms,16,16,12.6953125,15.625,8.498525454208709,8.166767945675627,17.223857054324373,0.0,31.25
baseline,1048576,server,handshake_framed_bytes_sent,16,16,0.0,0.0,0.0,0.0,0.0,0.0,0.0
baseline,1048576,server,handshake_framed_bytes_received,16,16,0.0,0.0,0.0,0.0,0.0,0.0,0.0
baseline,1048576,server,application_framed_bytes_sent,16,16,1049064.0,1049064.0,0.0,1049064.0,1049064.0,1049064.0,1049064.0
baseline,1048576,server,application_framed_bytes_received,16,16,1049116.0,1049116.0,0.0,1049116.0,1049116.0,1049116.0,1049116.0
baseline,104857600,client,tcp_connect_ms,16,16,12.2721375,13.27815,8.142852693159812,7.933117581902002,16.611157418097996,2.5823,23.6468
baseline,104857600,client,tls_handshake_ms,16,16,2.58008125,2.5284,0.1638669672579966,2.49276270677644,2.6673997932235602,2.368,2.8779
baseline,104857600,client,channel_ready_ms,16,16,14.8832375,16.1051,8.177763897779963,10.525614714096365,19.240860285903636,5.0283,26.0362
baseline,104857600,client,ping_rtt_ms,16,16,0.25021875,0.25434999999999997,0.03267288822556096,0.23280859680987936,0.2676289031901206,0.193,0.2952
baseline,104857600,client,upload_send_ms,16,16,293.39438125,289.83815,12.102536508749935,286.94539476457743,299.84336773542253,280.0978,322.057
baseline,104857600,client,download_receive_ms,16,16,302.3132125,297.09114999999997,20.087029540472958,291.6095900035806,313.01683499641945,259.3584,337.9132
baseline,104857600,client,transfer_total_ms,16,16,595.78993125,588.2057500000001,25.134164032347655,582.3968806238098,609.1829818761902,549.2867,635.3907
baseline,104857600,client,throughput_mbps,16,16,2820.654058046513,2852.27026153946,118.75875460452603,2757.371984663261,2883.936131429765,2640.4566513170553,3054.3641417132435
baseline,104857600,client,process_cpu_ms,16,16,550.78125,554.6875,30.45873232752801,534.5509372055443,567.0115627944557,500.0,609.375
baseline,104857600,client,handshake_framed_bytes_sent,16,16,0.0,0.0,0.0,0.0,0.0,0.0,0.0
baseline,104857600,client,handshake_framed_bytes_received,16,16,0.0,0.0,0.0,0.0,0.0,0.0,0.0
baseline,104857600,client,application_framed_bytes_sent,16,16,104889840.0,104889840.0,0.0,104889840.0,104889840.0,104889840.0,104889840.0
baseline,104857600,client,application_framed_bytes_received,16,16,104889788.0,104889788.0,0.0,104889788.0,104889788.0,104889788.0,104889788.0
baseline,104857600,server,tls_handshake_ms,16,16,11.8758625,13.19695,8.30055865661061,7.452807005869703,16.2989179941303,2.0684,23.2291
baseline,104857600,server,channel_ready_ms,16,16,11.884825,13.20635,8.300385904562912,7.461861558938092,16.307788441061906,2.0766,23.2372
baseline,104857600,server,ping_service_ms,16,16,0.3679625,0.36355000000000004,0.02932070656265523,0.3523385983303876,0.38358640166961244,0.3206,0.4314
baseline,104857600,server,upload_receive_ms,16,16,293.5257375,289.97950000000003,12.092819893577357,287.08192863332596,299.969546366674,280.2544,322.1797
baseline,104857600,server,download_send_ms,16,16,302.20065625,296.9576,20.097528947044495,291.49143901473917,312.90987348526085,259.2282,337.801
baseline,104857600,server,transfer_total_ms,16,16,595.902575,588.33385,25.1377917620595,582.5075912930984,609.2975587069016,549.3933,635.521
baseline,104857600,server,throughput_mbps,16,16,2820.1205567870984,2851.6492587474086,118.73372109152606,2756.8518228213234,2883.3892907528734,2639.9152821071216,3053.771496667324
baseline,104857600,server,process_cpu_ms,16,16,543.9453125,546.875,26.2814481760265,529.9409173071418,557.9497076928582,500.0,593.75
baseline,104857600,server,handshake_framed_bytes_sent,16,16,0.0,0.0,0.0,0.0,0.0,0.0,0.0
baseline,104857600,server,handshake_framed_bytes_received,16,16,0.0,0.0,0.0,0.0,0.0,0.0,0.0
baseline,104857600,server,application_framed_bytes_sent,16,16,104889788.0,104889788.0,0.0,104889788.0,104889788.0,104889788.0,104889788.0
baseline,104857600,server,application_framed_bytes_received,16,16,104889840.0,104889840.0,0.0,104889840.0,104889840.0,104889840.0,104889840.0
baseline,524288000,client,tcp_connect_ms,16,16,11.81396875,12.54815,7.714050915026747,7.703441170686191,15.924496329313811,2.4971,23.1567
baseline,524288000,client,tls_handshake_ms,16,16,2.5505875,2.5054,0.187816711627764,2.450507038838139,2.6506679611618607,2.3424,2.9689
baseline,524288000,client,channel_ready_ms,16,16,14.3947875,15.0372,7.800105717392553,10.23840455333724,18.55117044666276,5.0585,26.0581
baseline,524288000,client,ping_rtt_ms,16,16,0.244525,0.23695,0.020802547920867772,0.23344010467189757,0.2556098953281024,0.2101,0.2816
baseline,524288000,client,upload_send_ms,16,16,1440.508725,1442.2597,30.18391972066142,1424.4248495070492,1456.5926004929506,1390.383,1498.3039
baseline,524288000,client,download_receive_ms,16,16,1438.9563,1471.716,77.16180554603424,1397.8396761585923,1480.0729238414078,1198.8961,1505.7756
baseline,524288000,client,transfer_total_ms,16,16,2879.543975,2896.42645,88.07680748304102,2832.6111571789893,2926.476792821011,2623.2758,3001.482
baseline,524288000,client,throughput_mbps,16,16,2915.8518937292533,2896.256753903811,93.54700153416063,2866.0042152521473,2965.6995722063593,2794.8220245865214,3197.76060145868
baseline,524288000,client,process_cpu_ms,16,16,2707.03125,2734.375,84.3364109286928,2662.0915488129835,2751.9709511870165,2515.625,2812.5
baseline,524288000,client,handshake_framed_bytes_sent,16,16,0.0,0.0,0.0,0.0,0.0,0.0,0.0
baseline,524288000,client,handshake_framed_bytes_received,16,16,0.0,0.0,0.0,0.0,0.0,0.0,0.0
baseline,524288000,client,application_framed_bytes_sent,16,16,524448320.0,524448320.0,0.0,524448320.0,524448320.0,524448320.0,524448320.0
baseline,524288000,client,application_framed_bytes_received,16,16,524448268.0,524448268.0,0.0,524448268.0,524448268.0,524448268.0,524448268.0
baseline,524288000,server,tls_handshake_ms,16,16,11.4359375,12.116299999999999,7.843109179645106,7.256639625818321,15.61523537418168,2.1211,22.9425
baseline,524288000,server,channel_ready_ms,16,16,11.4448375,12.1249,7.843237425780675,7.265471288276477,15.624203711723524,2.13,22.9519
baseline,524288000,server,ping_service_ms,16,16,0.36499375,0.3658,0.028542143548327504,0.3497847152761571,0.3802027847238429,0.3267,0.4414
baseline,524288000,server,upload_receive_ms,16,16,1440.6662375,1442.41475,30.127598770471245,1424.6123733229715,1456.7201016770287,1390.7296,1498.4235
baseline,524288000,server,download_send_ms,16,16,1438.8224125,1471.62185,77.18183221829581,1397.6951171982194,1479.9497078017805,1198.7882,1505.6979
baseline,524288000,server,transfer_total_ms,16,16,2879.68091875,2896.5365,87.99388233342302,2832.792288622106,2926.569548877894,2623.8082,3001.5997
baseline,524288000,server,throughput_mbps,16,16,2915.707515034355,2896.146668608331,93.43519779068446,2865.919412566805,2965.4956175019047,2794.712432840395,3197.111740103564
baseline,524288000,server,process_cpu_ms,16,16,2713.8671875,2718.75,74.76498552060204,2674.027738897091,2753.706636102909,2515.625,2828.125
baseline,524288000,server,handshake_framed_bytes_sent,16,16,0.0,0.0,0.0,0.0,0.0,0.0,0.0
baseline,524288000,server,handshake_framed_bytes_received,16,16,0.0,0.0,0.0,0.0,0.0,0.0,0.0
baseline,524288000,server,application_framed_bytes_sent,16,16,524448268.0,524448268.0,0.0,524448268.0,524448268.0,524448268.0,524448268.0
baseline,524288000,server,application_framed_bytes_received,16,16,524448320.0,524448320.0,0.0,524448320.0,524448320.0,524448320.0,524448320.0
baseline,1073741824,client,tcp_connect_ms,16,16,11.937243749999999,13.59155,8.965806927132938,7.159702474897466,16.714785025102533,2.5043,25.8373
baseline,1073741824,client,tls_handshake_ms,16,16,2.577,2.5255,0.24823338749383947,2.444725764758401,2.709274235241599,2.3049,3.3394
baseline,1073741824,client,channel_ready_ms,16,16,14.54071875,16.2344,9.121633303615367,9.68014346006256,19.40129403993744,4.8266,28.3835
baseline,1073741824,client,ping_rtt_ms,16,16,0.23750625,0.22360000000000002,0.03616697330899191,0.21823423029407327,0.25677826970592676,0.1999,0.3111
baseline,1073741824,client,upload_send_ms,16,16,3000.0868812500003,2971.0481,130.12514433532678,2930.748086310157,3069.4256761898437,2871.9899,3451.9805
baseline,1073741824,client,download_receive_ms,16,16,2938.7580625,2895.4958500000002,92.6768931016491,2889.37403207866,2988.14209292134,2849.8718,3147.6913
baseline,1073741824,client,transfer_total_ms,16,16,5938.921375,5885.6942,158.00939270000163,5854.724112933869,6023.118637066131,5769.7378,6322.4632
baseline,1073741824,client,throughput_mbps,16,16,2894.6326896860382,2918.9267442970527,75.13809441549013,2854.5944253870157,2934.670953985061,2717.2746824370597,2977.582306079836
baseline,1073741824,client,process_cpu_ms,16,16,5604.4921875,5585.9375,159.00884716443454,5519.7623537428635,5689.2220212571365,5343.75,6015.625
baseline,1073741824,client,handshake_framed_bytes_sent,16,16,0.0,0.0,0.0,0.0,0.0,0.0,0.0
baseline,1073741824,client,handshake_framed_bytes_received,16,16,0.0,0.0,0.0,0.0,0.0,0.0,0.0
baseline,1073741824,client,application_framed_bytes_sent,16,16,1074069944.0,1074069944.0,0.0,1074069944.0,1074069944.0,1074069944.0,1074069944.0
baseline,1073741824,client,application_framed_bytes_received,16,16,1074069892.0,1074069892.0,0.0,1074069892.0,1074069892.0,1074069892.0,1074069892.0
baseline,1073741824,server,tls_handshake_ms,16,16,11.535,13.3284,9.107684816827307,6.681857334018972,16.38814266598103,2.0269,25.6031
baseline,1073741824,server,channel_ready_ms,16,16,11.5452125,13.3371,9.108629997965298,6.6915661825422115,16.39885881745779,2.0349,25.6117
baseline,1073741824,server,ping_service_ms,16,16,0.38075,0.36085,0.07281428431290113,0.3419500066977599,0.4195499933022401,0.3253,0.6183
baseline,1073741824,server,upload_receive_ms,16,16,3000.20105,2971.14005,130.12561627429096,2930.862003581634,3069.5400964183664,2872.1218,3452.1006
baseline,1073741824,server,download_send_ms,16,16,2938.64579375,2895.36855,92.65840196845953,2889.271616558018,2988.0199709419817,2849.7444,3147.5899
baseline,1073741824,server,transfer_total_ms,16,16,5939.03385625,5885.811949999999,158.0140989229293,5854.834086414689,6023.233626085311,5769.826,6322.5889
baseline,1073741824,server,throughput_mbps,16,16,2894.577910273136,2918.8683917976546,75.13758230813906,2854.5399188568585,2934.615901689413,2717.220660036904,2977.5367894976384
baseline,1073741824,server,process_cpu_ms,16,16,5566.40625,5531.25,156.61415897570265,5482.952455505771,5649.860044494229,5343.75,5921.875
baseline,1073741824,server,handshake_framed_bytes_sent,16,16,0.0,0.0,0.0,0.0,0.0,0.0,0.0
baseline,1073741824,server,handshake_framed_bytes_received,16,16,0.0,0.0,0.0,0.0,0.0,0.0,0.0
baseline,1073741824,server,application_framed_bytes_sent,16,16,1074069892.0,1074069892.0,0.0,1074069892.0,1074069892.0,1074069892.0,1074069892.0
baseline,1073741824,server,application_framed_bytes_received,16,16,1074069944.0,1074069944.0,0.0,1074069944.0,1074069944.0,1074069944.0,1074069944.0
native,1024,client,tcp_connect_ms,16,16,15.14680625,14.6898,6.925489375581459,11.456473454410244,18.837139045589755,2.734,27.2612
native,1024,client,tls_handshake_ms,16,16,3.10025,3.0287499999999996,0.24390212517865986,2.970283731531748,3.230216268468252,2.7558,3.7028
native,1024,client,channel_ready_ms,16,16,18.27624375,17.7337,7.026747845290285,14.531954124599016,22.02053337540098,5.616,30.6138
native,1024,client,ping_rtt_ms,16,16,0.24358125,0.2313,0.03792090397568778,0.2233746266134554,0.26378787338654464,0.2051,0.324
native,1024,client,upload_send_ms,16,16,0.3650875,0.35835,0.022264856463344498,0.35322339545231524,0.3769516045476848,0.348,0.4221
native,1024,client,download_receive_ms,16,16,0.35060625,0.3361,0.03701532058936318,0.3308821779377673,0.3703303220622327,0.3157,0.434
native,1024,client,transfer_total_ms,16,16,0.7721750000000001,0.7617,0.04311793903547185,0.7491990721093473,0.7951509278906528,0.7174,0.8515
native,1024,client,throughput_mbps,16,16,21.278832064069405,21.514026180180267,1.163276156328213,20.658965955377965,21.898698172760845,19.241338813857897,22.83802620574296
native,1024,client,process_cpu_ms,16,16,4.8828125,0.0,9.407495764681482,-0.13008814312039974,9.8957131431204,0.0,31.25
native,1024,client,handshake_framed_bytes_sent,16,16,0.0,0.0,0.0,0.0,0.0,0.0,0.0
native,1024,client,handshake_framed_bytes_received,16,16,0.0,0.0,0.0,0.0,0.0,0.0,0.0
native,1024,client,application_framed_bytes_sent,16,16,1244.0,1244.0,0.0,1244.0,1244.0,1244.0,1244.0
native,1024,client,application_framed_bytes_received,16,16,1192.0,1192.0,0.0,1192.0,1192.0,1192.0,1192.0
native,1024,server,tls_handshake_ms,16,16,15.3138125,14.64335,7.0637689872451705,11.54979570055006,19.077829299449938,2.5955,27.7749
native,1024,server,channel_ready_ms,16,16,15.3231,14.65285,7.063894555460654,11.559016289971105,19.087183710028896,2.6037,27.7839
native,1024,server,ping_service_ms,16,16,0.3698625,0.3618,0.05648750746846599,0.3397624319691398,0.39996256803086017,0.2975,0.5653
native,1024,server,upload_receive_ms,16,16,0.46358125,0.45289999999999997,0.03184460642453181,0.44661245702697905,0.48055004297302095,0.4283,0.5262
native,1024,server,download_send_ms,16,16,0.29365625,0.2864,0.025384587679666306,0.28012975803149115,0.30718274196850887,0.278,0.3837
native,1024,server,transfer_total_ms,16,16,0.87371875,0.86405,0.06242950390907598,0.8404524155658765,0.9069850844341235,0.8066,1.0046
native,1024,server,throughput_mbps,16,16,18.83679566113135,18.9634308639071,1.2684081871725557,18.160908647598184,19.512682674664518,16.30897869798925,20.312422514257378
native,1024,server,process_cpu_ms,16,16,5.859375,0.0,7.8125,1.6963876063294476,10.022362393670551,0.0,15.625
native,1024,server,handshake_framed_bytes_sent,16,16,0.0,0.0,0.0,0.0,0.0,0.0,0.0
native,1024,server,handshake_framed_bytes_received,16,16,0.0,0.0,0.0,0.0,0.0,0.0,0.0
native,1024,server,application_framed_bytes_sent,16,16,1192.0,1192.0,0.0,1192.0,1192.0,1192.0,1192.0
native,1024,server,application_framed_bytes_received,16,16,1244.0,1244.0,0.0,1244.0,1244.0,1244.0,1244.0
native,102400,client,tcp_connect_ms,16,16,15.6099,18.7049,8.10145862175448,11.292937425573438,19.92686257442656,2.4977,24.6492
native,102400,client,tls_handshake_ms,16,16,2.97568125,2.9240000000000004,0.24363887543862947,2.8458552574164373,3.105507242583563,2.7437,3.6457
native,102400,client,channel_ready_ms,16,16,18.61545625,21.5834,8.202660870064767,14.244566804030804,22.9863456959692,5.2579,27.6454
native,102400,client,ping_rtt_ms,16,16,0.25295625,0.2491,0.04163501681277432,0.23077051558376435,0.27514198441623566,0.189,0.307
native,102400,client,upload_send_ms,16,16,0.7356625,0.73335,0.026750099688287763,0.7214083780439331,0.7499166219560669,0.6983,0.7876
native,102400,client,download_receive_ms,16,16,0.88841875,0.88305,0.05248808396515665,0.8604498243212969,0.9163876756787032,0.8151,0.9727
native,102400,client,transfer_total_ms,16,16,1.683275,1.6803,0.0694314674097175,1.6462775825855103,1.7202724174144899,1.58,1.8086
native,102400,client,throughput_mbps,16,16,974.8778234576807,975.0895194257436,39.78233306955162,953.6793145220844,996.0763323932771,905.8940617051862,1036.9620253164558
native,102400,client,process_cpu_ms,16,16,8.7890625,7.8125,9.830513587592122,3.5507515702780053,14.027373429721994,0.0,31.25
native,102400,client,handshake_framed_bytes_sent,16,16,0.0,0.0,0.0,0.0,0.0,0.0,0.0
native,102400,client,handshake_framed_bytes_received,16,16,0.0,0.0,0.0,0.0,0.0,0.0,0.0
native,102400,client,application_framed_bytes_sent,16,16,102640.0,102640.0,0.0,102640.0,102640.0,102640.0,102640.0
native,102400,client,application_framed_bytes_received,16,16,102588.0,102588.0,0.0,102588.0,102588.0,102588.0,102588.0
native,102400,server,tls_handshake_ms,16,16,15.699512499999999,18.71915,8.260837850635975,11.297622729330673,20.101402270669325,2.4307,24.877
native,102400,server,channel_ready_ms,16,16,15.70850625,18.7277,8.261317314526277,11.3063609910579,20.110651508942098,2.4386,24.887
native,102400,server,ping_service_ms,16,16,0.3658375,0.37155,0.025282322546264085,0.35236550127452027,0.3793094987254797,0.3298,0.4098
native,102400,server,upload_receive_ms,16,16,0.9547375,0.9431,0.06188354520118144,0.9217620864258356,0.9877129135741645,0.8554,1.089
native,102400,server,download_send_ms,16,16,0.59525625,0.5868,0.017903071198354027,0.5857163767575381,0.604796123242462,0.5742,0.6348
native,102400,server,transfer_total_ms,16,16,1.7945625,1.782,0.09375154309841165,1.7446058290168514,1.8445191709831488,1.6481,1.9541
native,102400,server,throughput_mbps,16,16,915.2971704556236,919.4166756153239,47.37299870869252,890.0538813132673,940.5404595979799,838.4422496289853,994.1144348037133
native,102400,server,process_cpu_ms,16,16,2.9296875,0.0,6.2986388658582415,-0.4266202370689598,6.28599523706896,0.0,15.625
native,102400,server,handshake_framed_bytes_sent,16,16,0.0,0.0,0.0,0.0,0.0,0.0,0.0
native,102400,server,handshake_framed_bytes_received,16,16,0.0,0.0,0.0,0.0,0.0,0.0,0.0
native,102400,server,application_framed_bytes_sent,16,16,102588.0,102588.0,0.0,102588.0,102588.0,102588.0,102588.0
native,102400,server,application_framed_bytes_received,16,16,102640.0,102640.0,0.0,102640.0,102640.0,102640.0,102640.0
native,1048576,client,tcp_connect_ms,16,16,11.021975,7.70235,9.328899505836688,6.050955346928949,15.992994653071051,2.5558,26.5091
native,1048576,client,tls_handshake_ms,16,16,2.9973125,2.9491,0.1686399315108969,2.9074506236544857,3.0871743763455144,2.8011,3.3504
native,1048576,client,channel_ready_ms,16,16,14.045125,10.5803,9.37591961822057,9.049050097635757,19.041199902364244,5.4185,29.4965
native,1048576,client,ping_rtt_ms,16,16,0.24215625,0.2439,0.030318442544651488,0.22600069235403403,0.25831180764596595,0.2053,0.3038
native,1048576,client,upload_send_ms,16,16,3.4434125,3.42015,0.1141220100009927,3.382601173411267,3.504223826588733,3.3366,3.8231
native,1048576,client,download_receive_ms,16,16,3.40426875,3.43705,0.14426916380502106,3.327393139092391,3.4811443609076087,2.966,3.5905
native,1048576,client,transfer_total_ms,16,16,6.91265,6.944100000000001,0.1899628630373141,6.8114259354764926,7.013874064523508,6.3751,7.2511
native,1048576,client,throughput_mbps,16,16,2428.8098219105764,2416.0417578820807,69.1204603292609,2391.9781284711626,2465.64151534999,2313.747707244418,2631.6788756254805
native,1048576,client,process_cpu_ms,16,16,10.7421875,15.625,12.393754202386244,4.138022059387473,17.346352940612526,0.0,46.875
native,1048576,client,handshake_framed_bytes_sent,16,16,0.0,0.0,0.0,0.0,0.0,0.0,0.0
native,1048576,client,handshake_framed_bytes_received,16,16,0.0,0.0,0.0,0.0,0.0,0.0,0.0
native,1048576,client,application_framed_bytes_sent,16,16,1049116.0,1049116.0,0.0,1049116.0,1049116.0,1049116.0,1049116.0
native,1048576,client,application_framed_bytes_received,16,16,1049064.0,1049064.0,0.0,1049064.0,1049064.0,1049064.0,1049064.0
native,1048576,server,tls_handshake_ms,16,16,11.092537499999999,7.6468,9.432736328614654,6.066187109748344,16.118887890251653,2.5274,26.4503
native,1048576,server,channel_ready_ms,16,16,11.1028125,7.6556500000000005,9.434066602328324,6.075753256922727,16.129871743077274,2.5358,26.4595
native,1048576,server,ping_service_ms,16,16,0.3683,0.36365000000000003,0.029736868250260208,0.3524543414204064,0.38414565857959365,0.3237,0.4469
native,1048576,server,upload_receive_ms,16,16,3.57820625,3.5562,0.11365728877492487,3.5176425558727953,3.638769944127205,3.4447,3.9497
native,1048576,server,download_send_ms,16,16,3.24403125,3.2893999999999997,0.14599636853360431,3.1662352766589343,3.3218272233410655,2.7998,3.415
native,1048576,server,transfer_total_ms,16,16,7.0154625,7.0396,0.1816003629768765,6.918694497214882,7.112230502785118,6.5099,7.3363
native,1048576,server,throughput_mbps,16,16,2393.012986844311,2383.2628777492437,63.94516226671109,2358.9390150807862,2427.0869586078356,2286.87703610812,2577.1849029939017
native,1048576,server,process_cpu_ms,16,16,17.578125,15.625,7.8125,13.415137606329449,21.74111239367055,0.0,31.25
native,1048576,server,handshake_framed_bytes_sent,16,16,0.0,0.0,0.0,0.0,0.0,0.0,0.0
native,1048576,server,handshake_framed_bytes_received,16,16,0.0,0.0,0.0,0.0,0.0,0.0,0.0
native,1048576,server,application_framed_bytes_sent,16,16,1049064.0,1049064.0,0.0,1049064.0,1049064.0,1049064.0,1049064.0
native,1048576,server,application_framed_bytes_received,16,16,1049116.0,1049116.0,0.0,1049116.0,1049116.0,1049116.0,1049116.0
native,104857600,client,tcp_connect_ms,16,16,9.899425,4.4891000000000005,8.63350974845495,5.298952392518429,14.499897607481572,2.4401,26.718
native,104857600,client,tls_handshake_ms,16,16,2.9533625,2.918,0.1416151068918849,2.8779011361927394,3.0288238638072604,2.7722,3.1936
native,104857600,client,channel_ready_ms,16,16,12.8756875,7.3568,8.735229238195947,8.221012402472684,17.530362597527315,5.2627,29.8774
native,104857600,client,ping_rtt_ms,16,16,0.23701250000000001,0.2156,0.042549482958080705,0.2143394809713037,0.25968551902869635,0.2055,0.3285
native,104857600,client,upload_send_ms,16,16,290.7632375,290.80195000000003,3.809158459270677,288.73348023325605,292.79299476674396,282.7887,299.5398
native,104857600,client,download_receive_ms,16,16,291.10115,291.0781,11.505354836596737,284.9703791655093,297.2319208344907,271.8546,315.2195
native,104857600,client,transfer_total_ms,16,16,581.9412625,579.69235,11.529441336386034,575.7976568757517,588.0848681242483,564.7245,606.1479
native,104857600,client,throughput_mbps,16,16,2884.027052152993,2894.1590191258183,56.70187343729497,2853.812756560422,2914.241347745564,2767.841973881292,2970.8673875491495
native,104857600,client,process_cpu_ms,16,16,547.8515625,546.875,20.93886034138041,536.6940314102086,559.0090935897914,515.625,578.125
native,104857600,client,handshake_framed_bytes_sent,16,16,0.0,0.0,0.0,0.0,0.0,0.0,0.0
native,104857600,client,handshake_framed_bytes_received,16,16,0.0,0.0,0.0,0.0,0.0,0.0,0.0
native,104857600,client,application_framed_bytes_sent,16,16,104889840.0,104889840.0,0.0,104889840.0,104889840.0,104889840.0,104889840.0
native,104857600,client,application_framed_bytes_received,16,16,104889788.0,104889788.0,0.0,104889788.0,104889788.0,104889788.0,104889788.0
native,104857600,server,tls_handshake_ms,16,16,9.89556875,4.35465,8.706019423802418,5.256458463876425,14.534679036123578,2.4968,26.635
native,104857600,server,channel_ready_ms,16,16,9.90441875,4.36385,8.706317525124597,5.265149616894502,14.543687883105498,2.5053,26.6449
native,104857600,server,ping_service_ms,16,16,0.3531875,0.3572,0.032812474761895055,0.3357029663950205,0.37067203360497947,0.3042,0.4446
native,104857600,server,upload_receive_ms,16,16,290.8819625,290.89480000000003,3.8168949586236534,288.8480827437485,292.9158422562515,282.9746,299.7241
native,104857600,server,download_send_ms,16,16,290.99691875,290.95205,11.498699838922006,284.86969411345166,297.1241433865484,271.7699,315.1287
native,104857600,server,transfer_total_ms,16,16,582.05549375,579.7859000000001,11.527910068320768,575.9127040809072,588.1982834190927,564.8659,606.2484
native,104857600,server,throughput_mbps,16,16,2883.460378192295,2893.6920476951523,56.673321269606724,2853.261296975935,2913.6594594086555,2767.383138660655,2970.123705467085
native,104857600,server,process_cpu_ms,16,16,554.6875,562.5,27.95084971874737,539.7935435172448,569.5814564827552,500.0,593.75
native,104857600,server,handshake_framed_bytes_sent,16,16,0.0,0.0,0.0,0.0,0.0,0.0,0.0
native,104857600,server,handshake_framed_bytes_received,16,16,0.0,0.0,0.0,0.0,0.0,0.0,0.0
native,104857600,server,application_framed_bytes_sent,16,16,104889788.0,104889788.0,0.0,104889788.0,104889788.0,104889788.0,104889788.0
native,104857600,server,application_framed_bytes_received,16,16,104889840.0,104889840.0,0.0,104889840.0,104889840.0,104889840.0,104889840.0
native,524288000,client,tcp_connect_ms,16,16,11.0198875,4.5325,9.748112919115849,5.825484787122389,16.21429021287761,2.5322,26.1707
native,524288000,client,tls_handshake_ms,16,16,2.97928125,2.9397,0.17127605483059605,2.888014682691533,3.070547817308467,2.7811,3.4672
native,524288000,client,channel_ready_ms,16,16,14.0226125,7.4178999999999995,9.839379354198787,8.779577336726803,19.265647663273196,5.4836,29.2413
native,524288000,client,ping_rtt_ms,16,16,0.23705625,0.2349,0.028056252274077282,0.22210612846008007,0.25200637153991995,0.1899,0.2879
native,524288000,client,upload_send_ms,16,16,1439.8352875,1444.3346999999999,37.3864273755218,1419.9134665900895,1459.7571084099106,1360.4112,1500.3202
native,524288000,client,download_receive_ms,16,16,1422.2869625,1449.7608500000001,83.55063495203274,1377.7659717750744,1466.8079532249258,1213.132,1527.7955
native,524288000,client,transfer_total_ms,16,16,2862.197525,2893.32055,93.40683526345389,2812.4245358563944,2911.9705141436057,2623.7535,2978.3986
native,524288000,client,throughput_mbps,16,16,2933.875327771175,2899.3813264964037,99.68352046607282,2880.757729171884,2986.9929263704657,2816.482656149516,3197.17839347332
native,524288000,client,process_cpu_ms,16,16,2712.890625,2718.75,83.24376697136749,2668.533152679558,2757.248097320442,2546.875,2828.125
native,524288000,client,handshake_framed_bytes_sent,16,16,0.0,0.0,0.0,0.0,0.0,0.0,0.0
native,524288000,client,handshake_framed_bytes_received,16,16,0.0,0.0,0.0,0.0,0.0,0.0,0.0
native,524288000,client,application_framed_bytes_sent,16,16,524448320.0,524448320.0,0.0,524448320.0,524448320.0,524448320.0,524448320.0
native,524288000,client,application_framed_bytes_received,16,16,524448268.0,524448268.0,0.0,524448268.0,524448268.0,524448268.0,524448268.0
native,524288000,server,tls_handshake_ms,16,16,11.08356875,4.6099,9.904536316841137,5.805813892123287,16.361323607876713,2.5375,26.3313
native,524288000,server,channel_ready_ms,16,16,11.09268125,4.61845,9.905009582375897,5.814674206721039,16.37068829327896,2.5457,26.3406
native,524288000,server,ping_service_ms,16,16,0.36666875,0.36685,0.03858987291591755,0.34610565822754386,0.3872318417724561,0.2758,0.4562
native,524288000,server,upload_receive_ms,16,16,1439.95501875,1444.5192499999998,37.376105400165656,1420.0386980325097,1459.87133946749,1360.5332,1500.4191
native,524288000,server,download_send_ms,16,16,1422.15549375,1449.6487499999998,83.54239098695919,1377.6388959239766,1466.6720915760234,1213.0691,1527.7215
native,524288000,server,transfer_total_ms,16,16,2862.30056875,2893.4218499999997,93.40481231944979,2812.5286575571636,2912.0724799428363,2623.8583,2978.4738
native,524288000,server,throughput_mbps,16,16,2933.7693562067825,2899.279882810122,99.67417847696501,2880.656735602101,2986.881976811464,2816.4115460743683,3197.050694391538
native,524288000,server,process_cpu_ms,16,16,2681.640625,2703.125,108.9836749529488,2623.567323887038,2739.713926112962,2484.375,2906.25
native,524288000,server,handshake_framed_bytes_sent,16,16,0.0,0.0,0.0,0.0,0.0,0.0,0.0
native,524288000,server,handshake_framed_bytes_received,16,16,0.0,0.0,0.0,0.0,0.0,0.0,0.0
native,524288000,server,application_framed_bytes_sent,16,16,524448268.0,524448268.0,0.0,524448268.0,524448268.0,524448268.0,524448268.0
native,524288000,server,application_framed_bytes_received,16,16,524448320.0,524448320.0,0.0,524448320.0,524448320.0,524448320.0,524448320.0
native,1073741824,client,tcp_connect_ms,16,16,10.1135,6.81345,8.644957952625719,5.506927075124114,14.720072924875886,2.5622,26.9548
native,1073741824,client,tls_handshake_ms,16,16,2.9718125,2.93795,0.159257497468722,2.8869501698483444,3.0566748301516555,2.7795,3.3908
native,1073741824,client,channel_ready_ms,16,16,13.1085375,9.8077,8.661319191583924,8.493246286288551,17.72382871371145,5.3644,30.066
native,1073741824,client,ping_rtt_ms,16,16,0.2316,0.2216,0.024285606162224298,0.21865911394547358,0.24454088605452642,0.2049,0.2696
native,1073741824,client,upload_send_ms,16,16,2941.601125,2946.45795,46.72032320148622,2916.705622085952,2966.496627914048,2816.8462,3019.1982
native,1073741824,client,download_receive_ms,16,16,2927.54541875,2971.94065,156.04866111783298,2844.3929567938135,3010.6978807061864,2491.8733,3144.0996
native,1073741824,client,transfer_total_ms,16,16,5869.22595625,5907.86315,163.38563178838356,5782.163898593432,5956.288013906568,5456.1252,6117.8249
native,1073741824,client,throughput_mbps,16,16,2929.2867505527556,2907.976207406694,83.47854375018468,2884.8041745176843,2973.769326587827,2808.1662134527583,3148.7307483340005
native,1073741824,client,process_cpu_ms,16,16,5505.859375,5500.0,104.87390121593647,5449.976017728065,5561.742732271935,5312.5,5750.0
native,1073741824,client,handshake_framed_bytes_sent,16,16,0.0,0.0,0.0,0.0,0.0,0.0,0.0
native,1073741824,client,handshake_framed_bytes_received,16,16,0.0,0.0,0.0,0.0,0.0,0.0,0.0
native,1073741824,client,application_framed_bytes_sent,16,16,1074069944.0,1074069944.0,0.0,1074069944.0,1074069944.0,1074069944.0,1074069944.0
native,1073741824,client,application_framed_bytes_received,16,16,1074069892.0,1074069892.0,0.0,1074069892.0,1074069892.0,1074069892.0,1074069892.0
native,1073741824,server,tls_handshake_ms,16,16,10.186243750000001,6.9107,8.74909586863837,5.524179646683949,14.848307853316053,2.5475,27.239
native,1073741824,server,channel_ready_ms,16,16,10.1950875,6.9197500000000005,8.749133959493744,5.5330030994998545,14.857171900500145,2.5563,27.2478
native,1073741824,server,ping_service_ms,16,16,0.351625,0.35209999999999997,0.015348724159790389,0.34344624221617487,0.3598037577838252,0.3292,0.3843
native,1073741824,server,upload_receive_ms,16,16,2941.72375,2946.5731,46.710842655954444,2916.833298912068,2966.614201087932,2817.0272,3019.2873
native,1073741824,server,download_send_ms,16,16,2927.39665625,2971.8475,156.10706571802126,2844.213072679181,3010.580239820819,2491.5124,3144.0105
native,1073741824,server,transfer_total_ms,16,16,5869.33185625,5907.97975,163.38536387785348,5782.269941352876,5956.3937711471235,5456.2524,6117.9194
native,1073741824,server,throughput_mbps,16,16,2929.233802621153,2907.918771373024,83.47502482275871,2884.753101690147,2973.7145035521585,2808.122837316229,3148.6573429044447
native,1073741824,server,process_cpu_ms,16,16,5524.4140625,5554.6875,184.69858169658252,5425.995135494342,5622.832989505658,5062.5,5828.125
native,1073741824,server,handshake_framed_bytes_sent,16,16,0.0,0.0,0.0,0.0,0.0,0.0,0.0
native,1073741824,server,handshake_framed_bytes_received,16,16,0.0,0.0,0.0,0.0,0.0,0.0,0.0
native,1073741824,server,application_framed_bytes_sent,16,16,1074069892.0,1074069892.0,0.0,1074069892.0,1074069892.0,1074069892.0,1074069892.0
native,1073741824,server,application_framed_bytes_received,16,16,1074069944.0,1074069944.0,0.0,1074069944.0,1074069944.0,1074069944.0,1074069944.0
hybrid,1024,client,tcp_connect_ms,16,16,12.482125,12.26765,8.997921779944523,7.687470927789728,17.27677907221027,2.5263,26.6295
hybrid,1024,client,tls_handshake_ms,16,16,2.56021875,2.50835,0.24901574573709193,2.42752762547789,2.6929098745221105,2.26,3.2308
hybrid,1024,client,tls_exporter_ms,16,16,0.045775,0.04505,0.003100430077693524,0.044122897429965426,0.04742710257003458,0.0434,0.0568
hybrid,1024,client,pqc_handshake_ms,16,16,2.3365,2.2611499999999998,0.337966584147013,2.1564103194514033,2.5165896805485968,1.9221,3.0036
hybrid,1024,client,pqc_signature_verify_ms,16,16,0.2412375,0.2277,0.03882505848890207,0.2205490866818789,0.2619259133181211,0.218,0.3671
hybrid,1024,client,pqc_encapsulation_ms,16,16,0.23519375,0.2286,0.027686060722560968,0.22044088961364242,0.2499466103863576,0.2098,0.3313
hybrid,1024,client,pqc_kdf_ms,16,16,0.13100625,0.1238,0.020997221046287685,0.11981762068572036,0.14219487931427963,0.1201,0.204
hybrid,1024,client,channel_ready_ms,16,16,17.48843125,17.11645,9.173702994009108,12.600109980580772,22.37675251941923,7.037,31.6628
hybrid,1024,client,ping_rtt_ms,16,16,0.25204375,0.23909999999999998,0.05514612067045152,0.22265845653940164,0.2814290434605984,0.2162,0.4445
hybrid,1024,client,upload_send_ms,16,16,0.3843125,0.36719999999999997,0.059666281656113505,0.3525185827697156,0.4161064172302844,0.3455,0.5815
hybrid,1024,client,download_receive_ms,16,16,0.41079375,0.39590000000000003,0.07816977650174863,0.36914001634971855,0.4524474836502815,0.3392,0.6353
hybrid,1024,client,transfer_total_ms,16,16,0.85911875,0.8308,0.13024683345479077,0.7897151115055614,0.9285223884944387,0.7597,1.2935
hybrid,1024,client,throughput_mbps,16,16,19.38354285949547,19.720833654786134,2.2339616787842553,18.19314870823506,20.57393701075588,12.666408967916503,21.56640779254969
hybrid,1024,client,process_cpu_ms,16,16,5.859375,0.0,7.8125,1.6963876063294476,10.022362393670551,0.0,15.625
hybrid,1024,client,handshake_framed_bytes_sent,16,16,1144.0,1144.0,0.0,1144.0,1144.0,1144.0,1144.0
hybrid,1024,client,handshake_framed_bytes_received,16,16,4581.0,4581.0,0.0,4581.0,4581.0,4581.0,4581.0
hybrid,1024,client,application_framed_bytes_sent,16,16,1369.0,1369.0,0.0,1369.0,1369.0,1369.0,1369.0
hybrid,1024,client,application_framed_bytes_received,16,16,1292.0,1292.0,0.0,1292.0,1292.0,1292.0,1292.0
hybrid,1024,server,tls_handshake_ms,16,16,12.12664375,11.88965,9.135185478136629,7.2588470160063885,16.99444048399361,2.033,26.4979
hybrid,1024,server,tls_exporter_ms,16,16,0.05945625,0.05685,0.007409990440839536,0.055507744810568416,0.06340475518943159,0.0539,0.0831
hybrid,1024,server,pqc_handshake_ms,16,16,2.53040625,2.4509,0.3379530903715287,2.350323759776809,2.710488740223191,2.0978,3.1893
hybrid,1024,server,pqc_kem_keygen_ms,16,16,0.25724375,0.25070000000000003,0.028990089542232644,0.24179602170487102,0.27269147829512896,0.2346,0.3539
hybrid,1024,server,pqc_signature_sign_ms,16,16,0.7976625,0.6977,0.3005090744608777,0.6375325174509774,0.9577924825490227,0.4636,1.4049
hybrid,1024,server,pqc_decapsulation_ms,16,16,0.10276875,0.10135,0.007004067270760134,0.09903654599966785,0.10650095400033216,0.095,0.1143
hybrid,1024,server,pqc_kdf_ms,16,16,0.11885625,0.11560000000000001,0.00837631332986058,0.11439282768990154,0.12331967231009845,0.1104,0.1394
hybrid,1024,server,channel_ready_ms,16,16,14.76373125,14.49175,9.24555431024149,9.837123116747932,19.690339383252066,4.2723,28.9091
hybrid,1024,server,ping_service_ms,16,16,0.14605625,0.13245,0.04089669862389058,0.12426393757580796,0.16784856242419205,0.1218,0.2897
hybrid,1024,server,upload_receive_ms,16,16,0.50090625,0.48135,0.08648553997634519,0.4548213587799916,0.5469911412200084,0.4224,0.7526
hybrid,1024,server,download_send_ms,16,16,0.3282125,0.3101,0.06452893795293188,0.2938274561311994,0.3625975438688006,0.3001,0.566
hybrid,1024,server,transfer_total_ms,16,16,0.9778875,0.95755,0.15695639256387953,0.8942513420992722,1.061523657900728,0.853,1.505
hybrid,1024,server,throughput_mbps,16,16,17.06087818435518,17.11095066651511,2.076620421314763,15.954325271027539,18.16743109768282,10.88637873754153,19.207502930832355
hybrid,1024,server,process_cpu_ms,16,16,12.6953125,15.625,11.71875,6.450831409494171,18.93979359050583,0.0,31.25
hybrid,1024,server,handshake_framed_bytes_sent,16,16,4581.0,4581.0,0.0,4581.0,4581.0,4581.0,4581.0
hybrid,1024,server,handshake_framed_bytes_received,16,16,1144.0,1144.0,0.0,1144.0,1144.0,1144.0,1144.0
hybrid,1024,server,application_framed_bytes_sent,16,16,1292.0,1292.0,0.0,1292.0,1292.0,1292.0,1292.0
hybrid,1024,server,application_framed_bytes_received,16,16,1369.0,1369.0,0.0,1369.0,1369.0,1369.0,1369.0
hybrid,102400,client,tcp_connect_ms,16,16,13.3974375,13.619800000000001,9.357596956475168,8.411126054898425,18.383748945101576,2.5079,25.9875
hybrid,102400,client,tls_handshake_ms,16,16,2.52819375,2.568,0.14457279351593094,2.4511563462400567,2.605231153759943,2.2952,2.7375
hybrid,102400,client,tls_exporter_ms,16,16,0.04539375,0.04445,0.0025328426059798236,0.04404409344462775,0.04674340655537224,0.0429,0.0518
hybrid,102400,client,pqc_handshake_ms,16,16,2.25985625,2.12445,0.41251901930900914,2.0400403809398084,2.4796721190601914,1.7798,3.2294
hybrid,102400,client,pqc_signature_verify_ms,16,16,0.23,0.22644999999999998,0.010618725598363176,0.22434168053723744,0.23565831946276258,0.2179,0.261
hybrid,102400,client,pqc_encapsulation_ms,16,16,0.22614375,0.2267,0.007238044740581994,0.22228686820673713,0.23000063179326288,0.215,0.2401
hybrid,102400,client,pqc_kdf_ms,16,16,0.12670625,0.1235,0.010540048624176268,0.12108985453745658,0.1323226454625434,0.1204,0.1648
hybrid,102400,client,channel_ready_ms,16,16,18.29628125,18.753,9.310083141212631,13.335288129885704,23.257274370114295,6.7764,30.7001
hybrid,102400,client,ping_rtt_ms,16,16,0.2489875,0.2393,0.02528532842051558,0.23551389955719346,0.2624611004428065,0.228,0.3072
hybrid,102400,client,upload_send_ms,16,16,0.8181875,0.80915,0.027663619310085465,0.803446597798248,0.8329284022017519,0.7933,0.8809
hybrid,102400,client,download_receive_ms,16,16,0.96994375,0.97225,0.04889336654053049,0.9438903140265802,0.9959971859734198,0.8901,1.0432
hybrid,102400,client,transfer_total_ms,16,16,1.8538000000000001,1.85915,0.05254315052094485,1.8258017314249693,1.881798268575031,1.7492,1.9268
hybrid,102400,client,throughput_mbps,16,16,884.4790046151809,881.2881854102004,25.329751632233137,870.9817327137674,897.9762765165943,850.3217770396512,936.6567573747999
hybrid,102400,client,process_cpu_ms,16,16,7.8125,7.8125,8.068715304598784,3.5129851076913416,12.112014892308657,0.0,15.625
hybrid,102400,client,handshake_framed_bytes_sent,16,16,1144.0,1144.0,0.0,1144.0,1144.0,1144.0,1144.0
hybrid,102400,client,handshake_framed_bytes_received,16,16,4581.0,4581.0,0.0,4581.0,4581.0,4581.0,4581.0
hybrid,102400,client,application_framed_bytes_sent,16,16,102790.0,102790.0,0.0,102790.0,102790.0,102790.0,102790.0
hybrid,102400,client,application_framed_bytes_received,16,16,102713.0,102713.0,0.0,102713.0,102713.0,102713.0,102713.0
hybrid,102400,server,tls_handshake_ms,16,16,13.02705625,13.1694,9.387821830362196,8.024639106470651,18.029473393529347,2.0063,25.7521
hybrid,102400,server,tls_exporter_ms,16,16,0.0587625,0.056900000000000006,0.006753061034326087,0.055164047781812824,0.06236095221818718,0.0542,0.0798
hybrid,102400,server,pqc_handshake_ms,16,16,2.453,2.31825,0.40809773665957355,2.2355400661632907,2.670459933836709,1.9677,3.3926
hybrid,102400,server,pqc_kem_keygen_ms,16,16,0.26741875,0.24775,0.054384547054593856,0.23843927047375907,0.2963982295262409,0.2283,0.4476
hybrid,102400,server,pqc_signature_sign_ms,16,16,0.76185625,0.5820000000000001,0.4464793895485733,0.5239441770112724,0.9997683229887276,0.3926,1.772
hybrid,102400,server,pqc_decapsulation_ms,16,16,0.1000875,0.09865,0.004356738076435933,0.0977659581517149,0.10240904184828509,0.0943,0.1086
hybrid,102400,server,pqc_kdf_ms,16,16,0.11621875,0.1152,0.0042250394475475996,0.11396738539738861,0.11847011460261138,0.1106,0.1243
hybrid,102400,server,channel_ready_ms,16,16,15.5823125,16.030900000000003,9.290304840845284,10.631858492218186,20.532766507781815,4.0695,28.2004
hybrid,102400,server,ping_service_ms,16,16,0.14431875,0.1452,0.013562655529062145,0.13709172100900072,0.15154577899099927,0.123,0.1621
hybrid,102400,server,upload_receive_ms,16,16,1.06670625,1.07785,0.04201609959289418,1.0443174509041375,1.0890950490958624,1.0048,1.1246
hybrid,102400,server,download_send_ms,16,16,0.6577500000000001,0.65175,0.021101974631141367,0.6465055514405124,0.6689944485594878,0.6353,0.7184
hybrid,102400,server,transfer_total_ms,16,16,1.9727937500000001,1.97255,0.07597047205987335,1.932311942963014,2.013275557036986,1.8424,2.103
hybrid,102400,server,throughput_mbps,16,16,831.6495730057178,830.6050061584505,31.942960272651067,814.6283709664774,848.6707750449582,779.0775083214455,889.274858879722
hybrid,102400,server,process_cpu_ms,16,16,7.8125,0.0,9.882117688026186,2.5466911861732093,13.07830881382679,0.0,31.25
hybrid,102400,server,handshake_framed_bytes_sent,16,16,4581.0,4581.0,0.0,4581.0,4581.0,4581.0,4581.0
hybrid,102400,server,handshake_framed_bytes_received,16,16,1144.0,1144.0,0.0,1144.0,1144.0,1144.0,1144.0
hybrid,102400,server,application_framed_bytes_sent,16,16,102713.0,102713.0,0.0,102713.0,102713.0,102713.0,102713.0
hybrid,102400,server,application_framed_bytes_received,16,16,102790.0,102790.0,0.0,102790.0,102790.0,102790.0,102790.0
hybrid,1048576,client,tcp_connect_ms,16,16,12.4798625,11.58915,7.731576444759934,8.359996225089818,16.599728774910183,2.5528,26.1997
hybrid,1048576,client,tls_handshake_ms,16,16,2.5455125,2.58185,0.11246602968600496,2.485583583033726,2.6054414169662743,2.3688,2.7225
hybrid,1048576,client,tls_exporter_ms,16,16,0.04750625,0.0461,0.004039549273537004,0.04535372613416377,0.04965877386583623,0.0434,0.056
hybrid,1048576,client,pqc_handshake_ms,16,16,2.352775,2.2489,0.49438494111370346,2.0893358604829557,2.616214139517044,1.9312,3.9641
hybrid,1048576,client,pqc_signature_verify_ms,16,16,0.226925,0.22685,0.003974669797605833,0.22480704796653617,0.2290429520334638,0.2203,0.2333
hybrid,1048576,client,pqc_encapsulation_ms,16,16,0.23148125,0.22925,0.008900877765703787,0.2267383070328029,0.2362241929671971,0.218,0.2462
hybrid,1048576,client,pqc_kdf_ms,16,16,0.12825,0.12675,0.006475286351454533,0.12479956346220644,0.13170043653779356,0.1223,0.1438
hybrid,1048576,client,channel_ready_ms,16,16,17.492575,17.347099999999998,7.749761654958601,13.363018510586354,21.622131489413643,7.7739,31.5819
hybrid,1048576,client,ping_rtt_ms,16,16,0.25230625,0.24165,0.03233595457587936,0.23507563607850376,0.26953686392149623,0.2173,0.3423
hybrid,1048576,client,upload_send_ms,16,16,4.01348125,3.996,0.07002446447492476,3.9761678467542216,4.050794653245778,3.8675,4.1656
hybrid,1048576,client,download_receive_ms,16,16,3.97596875,3.95865,0.16512481630068007,3.887979946333837,4.063957553666163,3.5399,4.357
hybrid,1048576,client,transfer_total_ms,16,16,8.0575375,8.0526,0.13786573117832185,7.984074037482941,8.13100096251706,7.7153,8.3896
hybrid,1048576,client,throughput_mbps,16,16,2082.749408225619,2083.4533334654548,35.73049320069143,2063.7099723518127,2101.788844099425,1999.7635167350052,2174.5383847679286
hybrid,1048576,client,process_cpu_ms,16,16,12.6953125,15.625,11.71875,6.450831409494171,18.93979359050583,0.0,31.25
hybrid,1048576,client,handshake_framed_bytes_sent,16,16,1144.0,1144.0,0.0,1144.0,1144.0,1144.0,1144.0
hybrid,1048576,client,handshake_framed_bytes_received,16,16,4581.0,4581.0,0.0,4581.0,4581.0,4581.0,4581.0
hybrid,1048576,client,application_framed_bytes_sent,16,16,1049641.0,1049641.0,0.0,1049641.0,1049641.0,1049641.0,1049641.0
hybrid,1048576,client,application_framed_bytes_received,16,16,1049564.0,1049564.0,0.0,1049564.0,1049564.0,1049564.0,1049564.0
hybrid,1048576,server,tls_handshake_ms,16,16,12.110775,11.3031,7.749465495503545,7.98137632282033,16.24017367717967,2.0565,25.7504
hybrid,1048576,server,tls_exporter_ms,16,16,0.0576375,0.057800000000000004,0.002116876630006261,0.056509496067242,0.058765503932758,0.0517,0.0604
hybrid,1048576,server,pqc_handshake_ms,16,16,2.5402125,2.4360999999999997,0.4918675334884383,2.2781147923176706,2.8023102076823294,2.1178,4.1628
hybrid,1048576,server,pqc_kem_keygen_ms,16,16,0.2602,0.2554,0.01383671444623567,0.2528269353203842,0.2675730646796158,0.2445,0.2916
hybrid,1048576,server,pqc_signature_sign_ms,16,16,0.8178375,0.6882,0.5077796383931387,0.5472608301256667,1.0884141698743333,0.4118,2.5064
hybrid,1048576,server,pqc_decapsulation_ms,16,16,0.10313125000000001,0.10395,0.005838346655232682,0.10002021466872163,0.10624228533127839,0.0946,0.1158
hybrid,1048576,server,pqc_kdf_ms,16,16,0.11820625,0.1156,0.006344915943756333,0.11482528294876712,0.12158721705123288,0.1128,0.1369
hybrid,1048576,server,channel_ready_ms,16,16,14.75295,14.6939,7.697263911113697,10.651367583651634,18.854532416348366,4.8776,28.4162
hybrid,1048576,server,ping_service_ms,16,16,0.14436875,0.13840000000000002,0.014812234526453687,0.13647586736246803,0.15226163263753195,0.123,0.1663
hybrid,1048576,server,upload_receive_ms,16,16,4.173875,4.183949999999999,0.0736069426073383,4.134652628907395,4.213097371092605,3.9964,4.3225
hybrid,1048576,server,download_send_ms,16,16,3.7267625,3.7603,0.22797098609252883,3.6052853363230923,3.8482396636769076,3.3128,4.1436
hybrid,1048576,server,transfer_total_ms,16,16,8.16440625,8.15795,0.1407634823323623,8.089398684887835,8.239413815112167,7.8033,8.4836
hybrid,1048576,server,throughput_mbps,16,16,2055.4985639192705,2056.5480299131805,35.705795869815105,2036.4722883241327,2074.5248395144085,1977.6057334150598,2150.015506260172
hybrid,1048576,server,process_cpu_ms,16,16,14.6484375,15.625,12.060975184280636,8.22159748111569,21.07527751888431,0.0,31.25
hybrid,1048576,server,handshake_framed_bytes_sent,16,16,4581.0,4581.0,0.0,4581.0,4581.0,4581.0,4581.0
hybrid,1048576,server,handshake_framed_bytes_received,16,16,1144.0,1144.0,0.0,1144.0,1144.0,1144.0,1144.0
hybrid,1048576,server,application_framed_bytes_sent,16,16,1049564.0,1049564.0,0.0,1049564.0,1049564.0,1049564.0,1049564.0
hybrid,1048576,server,application_framed_bytes_received,16,16,1049641.0,1049641.0,0.0,1049641.0,1049641.0,1049641.0,1049641.0
hybrid,104857600,client,tcp_connect_ms,16,16,12.46655625,13.5442,7.792524458048987,8.314213071282893,16.618899428717107,2.5823,24.3894
hybrid,104857600,client,tls_handshake_ms,16,16,2.5233125,2.5209,0.1453660156295136,2.445852418011676,2.600772581988324,2.3307,2.8533
hybrid,104857600,client,tls_exporter_ms,16,16,0.046375,0.046049999999999994,0.002794876264404801,0.04488571556408496,0.04786428443591504,0.043,0.0548
hybrid,104857600,client,pqc_handshake_ms,16,16,2.322275,2.2969,0.35901578888214186,2.130968989984634,2.5135810100153657,1.9161,3.3237
hybrid,104857600,client,pqc_signature_verify_ms,16,16,0.23515625,0.23145,0.01637526462890499,0.22643048741207672,0.2438820125879233,0.2201,0.2851
hybrid,104857600,client,pqc_encapsulation_ms,16,16,0.2291125,0.22745,0.009075746066669492,0.22427637629264638,0.23394862370735361,0.2153,0.2461
hybrid,104857600,client,pqc_kdf_ms,16,16,0.1271125,0.12685000000000002,0.004182961470856106,0.12488355716846289,0.1293414428315371,0.1218,0.1375
hybrid,104857600,client,channel_ready_ms,16,16,17.425225,18.38145,7.722240427967348,13.310333537277291,21.54011646272271,7.6611,29.1694
hybrid,104857600,client,ping_rtt_ms,16,16,0.25920625,0.24430000000000002,0.050067161143807624,0.23252734303314648,0.28588515696685357,0.2156,0.4296
hybrid,104857600,client,upload_send_ms,16,16,342.38264375,342.81215,1.7791629424980488,341.43459473868415,343.33069276131585,338.6696,344.8114
hybrid,104857600,client,download_receive_ms,16,16,323.8838875,331.3786,17.72140944337762,314.4408149738105,333.3269600261895,292.9191,347.3831
hybrid,104857600,client,transfer_total_ms,16,16,666.35176875,672.3469,17.02850249249646,657.2779202752032,675.4256172247968,636.6434,690.2558
hybrid,104857600,client,throughput_mbps,16,16,2519.336965138238,2495.3215783531314,65.35077274624292,2484.513996420256,2554.1599338562205,2430.579504004168,2635.2611210608634
hybrid,104857600,client,process_cpu_ms,16,16,640.625,640.625,24.206145913796355,627.726455323074,653.523544676926,609.375,687.5
hybrid,104857600,client,handshake_framed_bytes_sent,16,16,1144.0,1144.0,0.0,1144.0,1144.0,1144.0,1144.0
hybrid,104857600,client,handshake_framed_bytes_received,16,16,4581.0,4581.0,0.0,4581.0,4581.0,4581.0,4581.0
hybrid,104857600,client,application_framed_bytes_sent,16,16,104929990.0,104929990.0,0.0,104929990.0,104929990.0,104929990.0,104929990.0
hybrid,104857600,client,application_framed_bytes_received,16,16,104929913.0,104929913.0,0.0,104929913.0,104929913.0,104929913.0,104929913.0
hybrid,104857600,server,tls_handshake_ms,16,16,12.0677125,13.35565,7.904968842854474,7.855451938059306,16.279973061940694,2.0099,23.9203
hybrid,104857600,server,tls_exporter_ms,16,16,0.058812500000000004,0.05715,0.004476736162280135,0.056427015685329755,0.06119798431467025,0.0542,0.0708
hybrid,104857600,server,pqc_handshake_ms,16,16,2.53708125,2.49215,0.3683548655282476,2.340798797316313,2.733363702683687,2.123,3.5546
hybrid,104857600,server,pqc_kem_keygen_ms,16,16,0.25008125,0.2471,0.015096720118400991,0.24203677569104945,0.2581257243089505,0.2276,0.2799
hybrid,104857600,server,pqc_signature_sign_ms,16,16,0.8341500000000001,0.7876000000000001,0.36818475615737634,0.6379581922016226,1.0303418077983775,0.476,1.9494
hybrid,104857600,server,pqc_decapsulation_ms,16,16,0.10244375,0.1028,0.005598448445774955,0.09946054740110392,0.10542695259889608,0.0949,0.1154
hybrid,104857600,server,pqc_kdf_ms,16,16,0.1182375,0.11725,0.0042058491017470745,0.11599636121084753,0.12047863878915246,0.1118,0.1277
hybrid,104857600,server,channel_ready_ms,16,16,14.70715625,15.710650000000001,7.776623329352207,10.563286184666552,18.85102631533345,4.4412,26.5237
hybrid,104857600,server,ping_service_ms,16,16,0.15414375,0.13974999999999999,0.04126186243574891,0.13215685551559792,0.17613064448440208,0.1228,0.2862
hybrid,104857600,server,upload_receive_ms,16,16,342.52759375,342.96625,1.777495008326327,341.5804335180672,343.4747539819328,338.7966,344.9361
hybrid,104857600,server,download_send_ms,16,16,323.72658125,331.2543,17.70260017817416,314.29353147375303,333.1596310262469,292.7441,347.2078
hybrid,104857600,server,transfer_total_ms,16,16,666.4744375,672.45865,17.02469640981889,657.4026171435015,675.5462578564985,636.756,690.3709
hybrid,104857600,server,throughput_mbps,16,16,2518.871985757264,2494.9069003549494,65.311906402787,2484.0697274518056,2553.6742440627227,2430.1742729886214,2634.7951177531113
hybrid,104857600,server,process_cpu_ms,16,16,628.90625,625.0,24.54003956122864,615.8297859573029,641.9827140426971,593.75,687.5
hybrid,104857600,server,handshake_framed_bytes_sent,16,16,4581.0,4581.0,0.0,4581.0,4581.0,4581.0,4581.0
hybrid,104857600,server,handshake_framed_bytes_received,16,16,1144.0,1144.0,0.0,1144.0,1144.0,1144.0,1144.0
hybrid,104857600,server,application_framed_bytes_sent,16,16,104929913.0,104929913.0,0.0,104929913.0,104929913.0,104929913.0,104929913.0
hybrid,104857600,server,application_framed_bytes_received,16,16,104929990.0,104929990.0,0.0,104929990.0,104929990.0,104929990.0,104929990.0
hybrid,524288000,client,tcp_connect_ms,16,16,13.234675,12.37445,8.342092699836574,8.789487576479896,17.679862423520103,2.697,26.9976
hybrid,524288000,client,tls_handshake_ms,16,16,2.535625,2.53545,0.16118579548665787,2.4497351523648363,2.6215148476351637,2.3042,2.7667
hybrid,524288000,client,tls_exporter_ms,16,16,0.046375,0.0458,0.002373323970018983,0.0451103449256595,0.0476396550743405,0.0437,0.0523
hybrid,524288000,client,pqc_handshake_ms,16,16,2.39428125,2.2309,0.5935244080560911,2.0780144175426196,2.7105480824573807,1.8208,4.1021
hybrid,524288000,client,pqc_signature_verify_ms,16,16,0.2268625,0.22685,0.005782257344670852,0.22378135255259857,0.22994364744740142,0.2193,0.2355
hybrid,524288000,client,pqc_encapsulation_ms,16,16,0.23079375,0.23004999999999998,0.011811941344814295,0.22449961074710553,0.23708788925289445,0.2165,0.2534
hybrid,524288000,client,pqc_kdf_ms,16,16,0.12836875,0.1252,0.007763308465682226,0.1242319749246962,0.1325055250753038,0.1209,0.147
hybrid,524288000,client,channel_ready_ms,16,16,18.27385,17.37145,8.392645575820138,13.801724850344424,22.745975149655575,7.2554,32.0484
hybrid,524288000,client,ping_rtt_ms,16,16,0.24338125,0.2374,0.020618219087334706,0.23239457657401447,0.2543679234259855,0.2136,0.2836
hybrid,524288000,client,upload_send_ms,16,16,1710.30829375,1712.1763,70.3552492315247,1672.8186277494385,1747.7979597505616,1511.0992,1884.6693
hybrid,524288000,client,download_receive_ms,16,16,1621.60661875,1656.2971499999999,108.31510359720676,1563.8895741651306,1679.3236633348695,1422.1625,1803.246
hybrid,524288000,client,transfer_total_ms,16,16,3332.00410625,3352.2266499999996,144.61115706838785,3254.9462599959443,3409.0619525040556,3098.6534,3687.997
hybrid,524288000,client,throughput_mbps,16,16,2521.9669349558594,2502.4176475805916,107.86212702599667,2464.491264547704,2579.442605364015,2274.5701799648973,2707.1785440733706
hybrid,524288000,client,process_cpu_ms,16,16,3181.640625,3156.25,126.15030614145704,3114.4198718256553,3248.8613781743447,2968.75,3515.625
hybrid,524288000,client,handshake_framed_bytes_sent,16,16,1144.0,1144.0,0.0,1144.0,1144.0,1144.0,1144.0
hybrid,524288000,client,handshake_framed_bytes_received,16,16,4581.0,4581.0,0.0,4581.0,4581.0,4581.0,4581.0
hybrid,524288000,client,application_framed_bytes_sent,16,16,524648570.0,524648570.0,0.0,524648570.0,524648570.0,524648570.0,524648570.0
hybrid,524288000,client,application_framed_bytes_received,16,16,524648493.0,524648493.0,0.0,524648493.0,524648493.0,524648493.0,524648493.0
hybrid,524288000,server,tls_handshake_ms,16,16,12.84526875,12.1827,8.435108986904575,8.350516445779721,17.34002105422028,2.0591,26.6437
hybrid,524288000,server,tls_exporter_ms,16,16,0.05721875,0.05675,0.0027462019226560884,0.055755402289985136,0.05868209771001486,0.0543,0.0647
hybrid,524288000,server,pqc_handshake_ms,16,16,2.6199500000000002,2.4355,0.5817693575063346,2.3099469918306963,2.929953008169304,2.0651,4.3154
hybrid,524288000,server,pqc_kem_keygen_ms,16,16,0.254,0.25575000000000003,0.01263445025845341,0.2472675766845569,0.2607324233154431,0.2363,0.2725
hybrid,524288000,server,pqc_signature_sign_ms,16,16,0.9383125,0.82335,0.5655513862594627,0.6369514386917058,1.2396735613082943,0.4039,2.5279
hybrid,524288000,server,pqc_decapsulation_ms,16,16,0.10284375,0.1043,0.004569751087313181,0.10040870153040678,0.10527879846959322,0.0943,0.1101
hybrid,524288000,server,pqc_kdf_ms,16,16,0.11615625,0.11515,0.0029289289851411556,0.11459553391141133,0.11771696608858867,0.1114,0.1218
hybrid,524288000,server,channel_ready_ms,16,16,15.56743125,14.71835,8.478684725570647,11.04945907368542,20.08540342631458,4.2293,29.3979
hybrid,524288000,server,ping_service_ms,16,16,0.14605625,0.13635,0.029125246064768847,0.13053650187773624,0.16157599812226375,0.1197,0.2236
hybrid,524288000,server,upload_receive_ms,16,16,1710.4471125,1712.29965,70.35290903315818,1672.9586935031246,1747.9355314968755,1511.2557,1884.8111
hybrid,524288000,server,download_send_ms,16,16,1621.4118125,1656.15435,108.28107796245762,1563.7128988960615,1679.1107261039385,1422.0367,1803.0575
hybrid,524288000,server,transfer_total_ms,16,16,3332.11753125,3352.3511,144.60106279627735,3255.06506385387,3409.16999864613,3098.7772,3688.0919
hybrid,524288000,server,throughput_mbps,16,16,2521.8801820402473,2502.3247269383,107.8473406612187,2464.4123907297135,2579.347973350781,2274.511651946634,2707.0703889263164
hybrid,524288000,server,process_cpu_ms,16,16,3133.7890625,3148.4375,169.34393453579167,3043.552049422615,3224.026075577385,2828.125,3500.0
hybrid,524288000,server,handshake_framed_bytes_sent,16,16,4581.0,4581.0,0.0,4581.0,4581.0,4581.0,4581.0
hybrid,524288000,server,handshake_framed_bytes_received,16,16,1144.0,1144.0,0.0,1144.0,1144.0,1144.0,1144.0
hybrid,524288000,server,application_framed_bytes_sent,16,16,524648493.0,524648493.0,0.0,524648493.0,524648493.0,524648493.0,524648493.0
hybrid,524288000,server,application_framed_bytes_received,16,16,524648570.0,524648570.0,0.0,524648570.0,524648570.0,524648570.0,524648570.0
hybrid,1073741824,client,tcp_connect_ms,16,16,10.739125,11.76115,7.23058707404408,6.886217116725407,14.592032883274591,2.6293,24.309
hybrid,1073741824,client,tls_handshake_ms,16,16,2.47678125,2.4614000000000003,0.08492670737170964,2.43152700204168,2.52203549795832,2.3718,2.6922
hybrid,1073741824,client,tls_exporter_ms,16,16,0.04544375,0.0448,0.0024002690821378066,0.04416473688891432,0.046722763111085676,0.0433,0.0528
hybrid,1073741824,client,pqc_handshake_ms,16,16,2.21451875,2.0496,0.3494027460658163,2.028335168920209,2.4007023310797906,1.895,2.893
hybrid,1073741824,client,pqc_signature_verify_ms,16,16,0.2395625,0.22760000000000002,0.044006952102291,0.21611285048503026,0.26301214951496976,0.2188,0.4025
hybrid,1073741824,client,pqc_encapsulation_ms,16,16,0.2265875,0.22375,0.009621841473093041,0.221460382591183,0.231714617408817,0.2162,0.2542
hybrid,1073741824,client,pqc_kdf_ms,16,16,0.12465625,0.12390000000000001,0.003489597636786604,0.12279677467572157,0.12651572532427843,0.1198,0.1339
hybrid,1073741824,client,channel_ready_ms,16,16,15.53749375,16.5195,7.195512626396051,11.703275720600441,19.371711779399558,7.2222,28.7617
hybrid,1073741824,client,ping_rtt_ms,16,16,0.23829375,0.24,0.01372076133699099,0.23098247237088565,0.24560502762911435,0.2153,0.2595
hybrid,1073741824,client,upload_send_ms,16,16,3500.006,3516.38035,55.017657093239926,3470.6891599477185,3529.322840052281,3387.7423,3567.2254
hybrid,1073741824,client,download_receive_ms,16,16,3376.44665625,3415.13375,153.0671083007579,3294.882951643068,3458.0103608569325,2984.8975,3501.1411
hybrid,1073741824,client,transfer_total_ms,16,16,6876.53860625,6918.8581,148.70310237075063,6797.30031625715,6955.77689624285,6547.4611,7047.058
hybrid,1073741824,client,throughput_mbps,16,16,2499.455308734994,2483.0516232125274,55.47598640320788,2469.894242232851,2529.0163752371373,2437.878215845534,2623.8978623332328
hybrid,1073741824,client,process_cpu_ms,16,16,6552.734375,6546.875,126.27926125424027,6485.444906496521,6620.023843503479,6312.5,6718.75
hybrid,1073741824,client,handshake_framed_bytes_sent,16,16,1144.0,1144.0,0.0,1144.0,1144.0,1144.0,1144.0
hybrid,1073741824,client,handshake_framed_bytes_received,16,16,4581.0,4581.0,0.0,4581.0,4581.0,4581.0,4581.0
hybrid,1073741824,client,application_framed_bytes_sent,16,16,1074479944.0,1074479944.0,0.0,1074479944.0,1074479944.0,1074479944.0,1074479944.0
hybrid,1073741824,client,application_framed_bytes_received,16,16,1074479867.0,1074479867.0,0.0,1074479867.0,1074479867.0,1074479867.0,1074479867.0
hybrid,1073741824,server,tls_handshake_ms,16,16,10.27703125,11.34795,7.349507295115662,6.360755253935199,14.193307246064801,2.1079,24.0182
hybrid,1073741824,server,tls_exporter_ms,16,16,0.05833125,0.0561,0.004818397901100877,0.05576370699584363,0.06089879300415637,0.0546,0.0733
hybrid,1073741824,server,pqc_handshake_ms,16,16,2.411775,2.2582,0.3495578225892439,2.2255087844738624,2.5980412155261376,2.083,3.0805
hybrid,1073741824,server,pqc_kem_keygen_ms,16,16,0.248475,0.24409999999999998,0.012672147936846906,0.2417224890096868,0.2552275109903132,0.2338,0.2773
hybrid,1073741824,server,pqc_signature_sign_ms,16,16,0.7407875,0.62415,0.3681112583173734,0.544634856436041,0.936940143563959,0.3931,1.4662
hybrid,1073741824,server,pqc_decapsulation_ms,16,16,0.10359375,0.10555,0.004556236568338683,0.10116590290923844,0.10602159709076156,0.096,0.1089
hybrid,1073741824,server,pqc_kdf_ms,16,16,0.116175,0.11535000000000001,0.003423740644382981,0.11435061738985423,0.11799938261014577,0.113,0.1263
hybrid,1073741824,server,channel_ready_ms,16,16,12.79105,13.852350000000001,7.272488887398408,8.915814216467359,16.66628578353264,4.4819,26.2098
hybrid,1073741824,server,ping_service_ms,16,16,0.136725,0.13315,0.015198179715566817,0.12862646168798156,0.14482353831201847,0.1183,0.1686
hybrid,1073741824,server,upload_receive_ms,16,16,3500.15321875,3516.51375,54.99255886362834,3470.849752600244,3529.4566848997565,3387.8485,3567.344
hybrid,1073741824,server,download_send_ms,16,16,3376.2825875,3414.98715,153.07044350660635,3294.71710568732,3457.84806931268,2984.6992,3501.0114
hybrid,1073741824,server,transfer_total_ms,16,16,6876.66405625,6918.9847,148.70163646553,6797.426547382905,6955.901565117095,6547.5757,7047.1962
hybrid,1073741824,server,throughput_mbps,16,16,2499.409648539102,2483.006180939747,55.47342684361933,2469.849945929989,2528.9693511482146,2437.8304075030574,2623.851937137588
hybrid,1073741824,server,process_cpu_ms,16,16,6458.984375,6531.25,227.42293509285733,6337.79924708664,6580.16950291336,5843.75,6640.625
hybrid,1073741824,server,handshake_framed_bytes_sent,16,16,4581.0,4581.0,0.0,4581.0,4581.0,4581.0,4581.0
hybrid,1073741824,server,handshake_framed_bytes_received,16,16,1144.0,1144.0,0.0,1144.0,1144.0,1144.0,1144.0
hybrid,1073741824,server,application_framed_bytes_sent,16,16,1074479867.0,1074479867.0,0.0,1074479867.0,1074479867.0,1074479867.0,1074479867.0
hybrid,1073741824,server,application_framed_bytes_received,16,16,1074479944.0,1074479944.0,0.0,1074479944.0,1074479944.0,1074479944.0,1074479944.0
